DELIMITER //
CREATE PROCEDURE insertdata()
BEGIN
delete from report;
delete from claim;
delete from transactions;
delete from vehicle_details;
delete from home_details;
delete from policy_holder;
delete from loan;
delete from finance_details;
delete from report_details;
delete from autopolicy_detail;
delete from homepolicy_detail;
delete from agents;
delete from customer;

INSERT INTO Customer VALUES (58082,'Alfred Balshen','140-400-3125','abalshen10@bloglines.com','0 Glendale Parkway','Yes',58);
INSERT INTO Customer VALUES (74341,'Cello Fassan','467-460-7623','cfassan1c@google.com.br','70873 Ludington Court','No',66);
INSERT INTO Customer VALUES (77471,'Guthrie Cortese','770-414-1691','gcortesep@about.com','0077 Sheridan Drive','No',65);
INSERT INTO Customer VALUES (78932,'Dorena Kingaby','370-179-1371','dkingaby4@printfriendly.com','13765 Petterle Circle','Yes',54);
INSERT INTO Customer VALUES (94613,'Cassandra Veitch','312-814-1819','cveitchc@cbslocal.com','850 Monument Avenue','Yes',31);
INSERT INTO Customer VALUES (109075,'Darrel Gounot','993-434-7131','dgounotw@gizmodo.com','4 West Way','Yes',42);
INSERT INTO Customer VALUES (114971,'Reeva Kupisz','300-253-6630','rkupisz15@moonfruit.com','6910 Bluestem Park','Yes',62);
INSERT INTO Customer VALUES (144402,'Dasha Hiscoe','262-608-3656','dhiscoe18@livejournal.com','6 Northfield Drive','No',18);
INSERT INTO Customer VALUES (166248,'Gisela Kretchmer','668-244-2155','gkretchmerr@list-manage.com','64 Pawling Way','No',78);
INSERT INTO Customer VALUES (174408,'Harri Paolo','790-698-5891','hpaolox@marriott.com','3 Cordelia Center','No',48);
INSERT INTO Customer VALUES (176254,'Correna Stitch','602-865-3223','cstitchj@tripod.com','15296 Bartillon Park','Yes',69);
INSERT INTO Customer VALUES (249650,'Curry Riggs','895-961-5847','criggs1d@independent.co.uk','3 Spenser Hill','No',27);
INSERT INTO Customer VALUES (289060,'Aundrea Abrahmer','470-635-1811','aabrahmerq@yelp.com','600 Haas Terrace','No',67);
INSERT INTO Customer VALUES (293654,'Thomasin Boddymead','867-190-2098','tboddymeadu@domainmarket.com','618 Hanover Street','Yes',51);
INSERT INTO Customer VALUES (319355,'Leda Liffe','768-317-1479','lliffe5@sun.com','17870 Oxford Plaza','Yes',35);
INSERT INTO Customer VALUES (336850,'Arda Calderhead','139-697-7506','acalderheadi@indiatimes.com','736 Sauthoff Point','Yes',76);
INSERT INTO Customer VALUES (345273,'Josee Honeywood','223-375-2439','jhoneywood19@engadget.com','6048 Spaight Parkway','No',71);
INSERT INTO Customer VALUES (352841,'Roderigo Sends','865-535-4858','rsends1@elegantthemes.com','73 Kenwood Terrace','Yes',75);
INSERT INTO Customer VALUES (358893,'Kara-lynn Dallaway','579-654-3410','kdallaway13@bbc.co.uk','4 Milwaukee Park','Yes',54);
INSERT INTO Customer VALUES (365390,'Wilfred Joel','632-327-2233','wjoel16@whitehouse.gov','450 Beilfuss Junction','Yes',74);
INSERT INTO Customer VALUES (389080,'Maurita Kleinplatz','152-738-5550','mkleinplatzh@vimeo.com','69920 Golf View Terrace','No',69);
INSERT INTO Customer VALUES (415216,'Nonnah Trass','370-533-6961','ntrass1a@apache.org','46327 Ludington Place','No',24);
INSERT INTO Customer VALUES (492977,'Darb Tomsen','658-767-5430','dtomseno@mashable.com','31 Forest Run Alley','No',80);
INSERT INTO Customer VALUES (499661,'Edy Toulamain','302-814-3607','etoulamain11@irs.gov','17892 Fairview Junction','No',20);
INSERT INTO Customer VALUES (532909,'Flo Mackett','412-351-4643','fmackettv@princeton.edu','06 Longview Street','Yes',53);
INSERT INTO Customer VALUES (538409,'Alyse Volleth','977-218-2551','avolleth7@hhs.gov','10 Kipling Court','No',24);
INSERT INTO Customer VALUES (554593,'Germain Metzig','782-318-0312','gmetzig2@discuz.net','94 Hoepker Hill','No',50);
INSERT INTO Customer VALUES (555849,'Rochette Dowglass','231-251-7850','rdowglassm@exblog.jp','7906 Marcy Place','Yes',25);
INSERT INTO Customer VALUES (591642,'Derrick Vowells','336-654-2002','dvowellst@cyberchimps.com','77236 Hazelcrest Trail','No',76);
INSERT INTO Customer VALUES (621200,'Augie Chene','745-190-9290','achenel@omniture.com','766 4th Parkway','Yes',53);
INSERT INTO Customer VALUES (628418,'Sianna Scay','128-774-9848','sscayd@nps.gov','9230 Waxwing Hill','Yes',40);
INSERT INTO Customer VALUES (632251,'Bendicty Gogay','162-986-3633','bgogayy@toplist.cz','164 Forest Plaza','Yes',29);
INSERT INTO Customer VALUES (638484,'Angie Attow','343-925-7380','aattowk@mapy.cz','05 Summerview Junction','Yes',68);
INSERT INTO Customer VALUES (640537,'Constanta Beresfore','453-864-6762','cberesfore9@cargocollective.com','35432 Charing Cross Avenue','No',31);
INSERT INTO Customer VALUES (719439,'Hailey Titchener','160-664-3603','htitchener6@cnet.com','33085 Meadow Vale Way','Yes',66);
INSERT INTO Customer VALUES (733572,'Dmitri Simmen','228-899-5566','dsimmen1b@hibu.com','505 Gateway Street','No',72);
INSERT INTO Customer VALUES (778711,'Hattie Kevern','564-480-9848','hkevern3@nyu.edu','40 Valley Edge Circle','Yes',44);
INSERT INTO Customer VALUES (830875,'Hendrika Keynes','174-384-6234','hkeyness@businessinsider.com','1 Sommers Way','No',45);
INSERT INTO Customer VALUES (847339,'Brittney Mash','690-401-9216','bmashb@nationalgeographic.com','24753 Walton Trail','Yes',51);
INSERT INTO Customer VALUES (867938,'Ricki Rayner','643-725-5750','rrayner14@alexa.com','956 Loftsgordon Point','Yes',54);
INSERT INTO Customer VALUES (871428,'Elfreda Callander','143-883-7368','ecallandera@gnu.org','8828 Forest Run Avenue','No',80);
INSERT INTO Customer VALUES (872585,'Karilynn Seymour','207-292-0041','kseymour17@blogtalkradio.com','2 East Parkway','Yes',36);
INSERT INTO Customer VALUES (915790,'Erina Neligan','755-787-5609','eneligang@delicious.com','7 Summit Trail','Yes',33);
INSERT INTO Customer VALUES (930301,'Hoebart Guidone','751-282-1295','hguidonef@hubpages.com','78 Thompson Hill','No',66);
INSERT INTO Customer VALUES (950610,'Hilary Pockett','278-453-0517','hpockett12@dailymail.co.uk','3323 International Road','Yes',22);
INSERT INTO Customer VALUES (972654,'Berkly OGlessane','326-742-8192','boglessanen@chicagotribune.com','42236 Clove Plaza','Yes',31);
INSERT INTO Customer VALUES (974101,'Carlo Grimm','786-476-8508','cgrimme@house.gov','601 Upham Center','Yes',42);
INSERT INTO Customer VALUES (979749,'Thalia Raitie','846-557-5060','traitie8@comcast.net','3 Melody Circle','No',39);
INSERT INTO Customer VALUES (981115,'Antonius Freschini','600-340-9348','afreschiniz@behance.net','610 Transport Parkway','Yes',80);
INSERT INTO Customer VALUES (987673,'Bidget Keaton','778-475-2740','bkeaton0@netvibes.com','4134 Jenifer Circle','Yes',56);

INSERT INTO Agents VALUES (6768,'Brunhilda Smyley','bsmyley2@topsy.com','611-265-3125',547082);
INSERT INTO Agents VALUES (13041,'Raddie Basson','rbassona@psu.edu','560-368-3460',300977);
INSERT INTO Agents VALUES (33645,'Worden Rosedale','wrosedalec@over-blog.com','342-776-4301',163238);
INSERT INTO Agents VALUES (52121,'Kaitlin Ruter','kruter3@wikimedia.org','188-177-5814',525745);
INSERT INTO Agents VALUES (69259,'Bonnibelle Manchett','bmanchett9@buzzfeed.com','839-488-0561',552776);
INSERT INTO Agents VALUES (73812,'Bertha Gibbe','bgibbe5@mapquest.com','688-502-8799',820523);
INSERT INTO Agents VALUES (78600,'Veronika Pestricke','vpestrickeb@hhs.gov','832-194-4030',295584);
INSERT INTO Agents VALUES (80340,'Lynnell Pixton','lpixton1@yellowbook.com','297-990-1742',852715);
INSERT INTO Agents VALUES (85926,'Joshuah Devas','jdevas4@google.es','820-918-3141',734363);
INSERT INTO Agents VALUES (92085,'Erinn Minchindon','eminchindon7@theatlantic.com','436-379-1334',318714);
INSERT INTO Agents VALUES (92900,'Rhonda Mayhead','rmayhead8@bloomberg.com','881-274-4756',400885);
INSERT INTO Agents VALUES (95189,'Stefa Cours','scours6@odnoklassniki.ru','882-723-7290',755473);
INSERT INTO Agents VALUES (97444,'Eolanda Tillerton','etillerton0@nydailynews.com','530-528-4376',512292);

INSERT INTO AutoPolicy_detail VALUES (111,'Comprehensive Car Care','Sedan','This policy covers all types of sedans and offers comprehensive protection, including coverage for accidents, theft, natural disasters, and medical expenses.','Active',50000,12,'Auto');
INSERT INTO AutoPolicy_detail VALUES (112,'Off-Road Adventure Shield','SUV','Designed for SUVs and off-road vehicles, this policy provides specialized coverage for damages incurred during off-road adventures, including collisions, rollovers, and towing expenses.','Active',70000,24,'Auto');
INSERT INTO AutoPolicy_detail VALUES (113,'Oriental Motor Plan','Motorbike','Tailored for motorcycles, this policy covers damages resulting from accidents, theft, and third-party liabilities, ensuring the freedom of the open road with peace of mind.','Active',30000,12,'Auto');
INSERT INTO AutoPolicy_detail VALUES (114,'Classic Car Elegance','Vintage Cars','Geared towards vintage and classic cars, this policy offers extensive coverage for restoration costs, market value, and special roadside assistance, preserving the elegance of your cherished automobile.','Inactive',100000,60,'Auto');
INSERT INTO AutoPolicy_detail VALUES (115,'Electric Vehicle EcoShield','Electric Cars','Tailored for electric cars, this policy covers battery damage, charging equipment, and specialized repairs, promoting eco-friendly driving with dedicated insurance support.','Active',60000,24,'Auto');
INSERT INTO AutoPolicy_detail VALUES (116,'Family safety plan','Sedan','This policy emphasizes safety, covering child seat replacements, medical expenses for passengers, and roadside assistance for families on the go.','Active',50000,12,'Auto');
INSERT INTO AutoPolicy_detail VALUES (117,'Luxury Sedan Prestige Coverage','Sedan','Catering to luxury sedans, this policy offers specialized coverage for high-end interiors, technology systems, and concierge services, ensuring that every aspect of your luxury driving experience is protected','Active',100000,24,'Auto');
INSERT INTO AutoPolicy_detail VALUES (118,'SafeDrive','Motorbike','Premium policy offering high coverage limits, including coverage for uninsured motorists and roadside assistance.','Active',100000,24,'Auto');
INSERT INTO AutoPolicy_detail VALUES (119,'Guardian Auto Insurance','Electric Cars','Short-term policy with comprehensive coverage, ideal for temporary needs such as rental cars or seasonal driving.','Inactive',60000,12,'Auto');
INSERT INTO AutoPolicy_detail VALUES (120,'DriveSure Insuranc','SUV','Policy tailored for frequent travelers, offering coverage for rental cars and drivers in multiple states.','Active',80000,12,'Auto');
INSERT INTO AutoPolicy_detail VALUES (121,'Liberty Auto Assurance','Sedan & SUV','Standard coverage for collisions and comprehensive damages, with optional add-ons for enhanced protection.','Active',50000,12,'Auto');
INSERT INTO AutoPolicy_detail VALUES (122,'ABC Plan','Sedan & SUV','Basic coverage for liability and medical expenses, suitable for low-risk drivers.','Inactive',40000,12,'Auto');

INSERT INTO HomePolicy_detail VALUES (100,'HomeShield','Rent and Owned','Comprehensive coverage for the structure of the home, personal belongings, liability protection, and additional living expenses in case of temporary displacement due to covered events.','Active',300000,12,'Home');
INSERT INTO HomePolicy_detail VALUES (101,'SecureHome','Owned','Premium policy offering high coverage limits, including protection against natural disasters, theft, and personal injury liability, with options for custom add-ons.','Active',500000,24,'Home');
INSERT INTO HomePolicy_detail VALUES (102,'SafeHaven Insurance','Rent and Owned','Basic coverage for the homes structure and essential belongings, suitable for homeowners seeking affordable protection against common risks.','Active',250000,12,'Home');
INSERT INTO HomePolicy_detail VALUES (103,'Liberty Home Protection','Owned','Standard policy covering damages from fire, vandalism, and certain natural disasters, along with liability coverage for accidents on the property.','Inactive',400000,12,'Home');
INSERT INTO HomePolicy_detail VALUES (104,'EverGuard Home Insurance','Owned','Long-term coverage with benefits like extended replacement cost, which ensures the home can be rebuilt to its original condition even if construction costs rise.','Active',350000,36,'Home');
INSERT INTO HomePolicy_detail VALUES (105,'Guardian Home Assurance','Rent and Owned','Policy offering protection against various perils, including water damage, mold, and coverage for high-value items like jewelry and artwork.','Active',200000,12,'Home');
INSERT INTO HomePolicy_detail VALUES (106,'National Home Protection','Rent','Short-term policy ideal for renters, offering coverage for personal belongings, liability, and temporary living expenses in case of covered events.','Active',100000,24,'Home');
INSERT INTO HomePolicy_detail VALUES (107,'Reliable Home Insurance','Owned','Policy tailored for homeowners with additional structures on their property, such as detached garages or sheds, providing coverage for both the main home and other structures.','Active',100000,24,'Home');
INSERT INTO HomePolicy_detail VALUES (108,'SmartGuard Home Insurance','Owned','Customizable policy allowing homeowners to choose specific coverage limits and endorsements to protect unique assets and accommodate individual needs.','Inactive',350000,12,'Home');
INSERT INTO HomePolicy_detail VALUES (109,'SafeHome Solutions','Owned','High-value policy with features like identity theft protection, credit card coverage, and coverage for unauthorized transactions due to cybercrime.','Active',555000,12,'Home');
INSERT INTO HomePolicy_detail VALUES (110,'HomeAssure Services','Rent','Policy offering coverage for home systems and appliances, such as HVAC, electrical, and plumbing, providing financial protection against unexpected repair or replacement costs.','Active',400000,12,'Home');
INSERT INTO HomePolicy_detail VALUES (123,'One Home Insurance','Owned','Long-term policy with perks like extended coverage for valuables, home office equipment, and reimbursement for temporary housing and meals during repairs.','Inactive',250000,12,'Home');

INSERT INTO Report_Details VALUES (1,'2023-04-11',4900);
INSERT INTO Report_Details VALUES (2,'2023-10-12',4034);
INSERT INTO Report_Details VALUES (3,'2023-07-30',4697);
INSERT INTO Report_Details VALUES (4,'2023-06-03',3866);
INSERT INTO Report_Details VALUES (5,'2022-11-12',8843);
INSERT INTO Report_Details VALUES (6,'2023-03-30',5203);
INSERT INTO Report_Details VALUES (7,'2023-06-20',3597);
INSERT INTO Report_Details VALUES (8,'2023-09-06',7932);
INSERT INTO Report_Details VALUES (9,'2023-03-07',9240);
INSERT INTO Report_Details VALUES (10,'2023-03-12',8678);
INSERT INTO Report_Details VALUES (11,'2023-04-02',2970);
INSERT INTO Report_Details VALUES (12,'2023-08-18',5651);
INSERT INTO Report_Details VALUES (13,'2023-01-10',2433);
INSERT INTO Report_Details VALUES (14,'2023-02-01',7481);
INSERT INTO Report_Details VALUES (15,'2023-10-13',9606);
INSERT INTO Report_Details VALUES (16,'2023-01-02',4016);
INSERT INTO Report_Details VALUES (17,'2023-03-25',3825);
INSERT INTO Report_Details VALUES (18,'2022-12-15',5752);
INSERT INTO Report_Details VALUES (19,'2023-05-10',1536);
INSERT INTO Report_Details VALUES (20,'2023-09-18',2185);
INSERT INTO Report_Details VALUES (21,'2023-08-19',4878);
INSERT INTO Report_Details VALUES (22,'2023-09-09',7132);
INSERT INTO Report_Details VALUES (23,'2023-09-29',7753);
INSERT INTO Report_Details VALUES (24,'2023-06-07',9326);
INSERT INTO Report_Details VALUES (25,'2022-12-26',5812);
INSERT INTO Report_Details VALUES (26,'2023-01-18',7734);
INSERT INTO Report_Details VALUES (27,'2023-08-04',6483);
INSERT INTO Report_Details VALUES (28,'2023-08-26',3024);
INSERT INTO Report_Details VALUES (29,'2023-06-27',2968);
INSERT INTO Report_Details VALUES (30,'2023-03-08',8971);

INSERT INTO Finance_details VALUES (224487837, 987673, '6247488842', 19114.12, 'Chase', 'Good');
INSERT INTO Finance_details VALUES (477905881, 352841, '8017327721', 34847.84, 'Wells Fargo', 'Good');
INSERT INTO Finance_details VALUES (331605414, 554593, '1463973416', 143162.64, 'Bank of America', 'Good');
INSERT INTO Finance_details VALUES (180887800, 778711, '6120588712', 30689.89, 'Citigroup', 'Good');
INSERT INTO Finance_details VALUES (853171579, 78932, '6663340180', 4148862.0, 'TD Bank', 'Good');
INSERT INTO Finance_details VALUES (101113105, 319355, '1590610819', 35547.71, 'Chase', 'Standard');
INSERT INTO Finance_details VALUES (716354628, 719439, '7489280966', 73928.46, 'Wells Fargo', 'Standard');
INSERT INTO Finance_details VALUES (908690212, 538409, '3385123187', 131313.4, 'Bank of America', 'Standard');
INSERT INTO Finance_details VALUES (744117914, 979749, '7821448415', 34081.38, 'Citigroup', 'Good');
INSERT INTO Finance_details VALUES (423776457, 640537, '4070604401', 114838.41, 'TD Bank', 'Good');
INSERT INTO Finance_details VALUES (507344117, 871428, '1293729161', 31370.8, 'Chase', 'Good');
INSERT INTO Finance_details VALUES (794174490, 847339, '1405124237', 33751.27, 'Wells Fargo', 'Good');
INSERT INTO Finance_details VALUES (226770587, 94613, '3433461290', 88640.24, 'Bank of America', 'Good');
INSERT INTO Finance_details VALUES (389894542, 628418, '8594077125', 54392.16, 'Citigroup', 'Bad');
INSERT INTO Finance_details VALUES (761113016, 974101, '4373764648', 8701.545, 'TD Bank', 'Bad');
INSERT INTO Finance_details VALUES (147766929, 930301, '5062457584', 25546.26, 'Chase', 'Bad');
INSERT INTO Finance_details VALUES (878906321, 915790, '2633498674', 31993.78, 'Wells Fargo', 'Standard');
INSERT INTO Finance_details VALUES (616368188, 389080, '2607184695', 92047.08, 'Bank of America', 'Standard');
INSERT INTO Finance_details VALUES (496445947, 336850, '4738448888', 92047.08, 'Citigroup', 'Standard');
INSERT INTO Finance_details VALUES (405467599, 176254, '5316421672', 32284.62, 'TD Bank', 'Good');
INSERT INTO Finance_details VALUES (755180308, 638484, '5110480157', 97791.42, 'Chase', 'Good');
INSERT INTO Finance_details VALUES (547237195, 621200, '8889194720', 19300.34, 'Wells Fargo', 'Bad');
INSERT INTO Finance_details VALUES (486071289, 555849, '8404188141', 19514.88, 'Bank of America', 'Bad');
INSERT INTO Finance_details VALUES (605639678, 972654, '3995617909', 10183.015, 'Citigroup', 'Bad');
INSERT INTO Finance_details VALUES (558251337, 492977, '2005036558', 10183.015, 'TD Bank', 'Good');
INSERT INTO Finance_details VALUES (813918749, 77471, '6239350355', 106733.13, 'Chase', 'Good');
INSERT INTO Finance_details VALUES (308388791, 289060, '8898570629', 12600.445, 'Wells Fargo', 'Good');
INSERT INTO Finance_details VALUES (925441671, 166248, '4674612116', 57983.12, 'Bank of America', 'Bad');
INSERT INTO Finance_details VALUES (548039919, 830875, '3497327023', 20787.69, 'Citigroup', 'Bad');
INSERT INTO Finance_details VALUES (251770979, 591642, '9144957778', 34290.12, 'TD Bank', 'Bad');
INSERT INTO Finance_details VALUES (898940497, 293654, '7482284503', 43070.24, 'Chase', 'Standard');
INSERT INTO Finance_details VALUES (992492793, 532909, '7884101536', 28572.39, 'Wells Fargo', 'Good');
INSERT INTO Finance_details VALUES (352674436, 109075, '4450371309', 39641.54, 'Bank of America', 'Good');
INSERT INTO Finance_details VALUES (204142702, 174408, '7788575072', 20186.02, 'Citigroup', 'Good');
INSERT INTO Finance_details VALUES (755517133, 632251, '9174445104', 18627.64, 'TD Bank', 'Standard');
INSERT INTO Finance_details VALUES (837455178, 981115, '6144703129', 12986.745, 'Chase', 'Standard');
INSERT INTO Finance_details VALUES (074216507, 58082, '6668080649', 58317.0, 'Wells Fargo', 'Good');
INSERT INTO Finance_details VALUES (772589547, 499661, '1702237609', 42171.98, 'Bank of America', 'Standard');
INSERT INTO Finance_details VALUES (835416871, 950610, '7899232129', 71681.4, 'Citigroup', 'Standard');
INSERT INTO Finance_details VALUES (330960638, 358893, '8296876239', 71681.4, 'TD Bank', 'Standard');
INSERT INTO Finance_details VALUES (397455329, 867938, '6898823636', 29469.98, 'Chase', 'Standard');
INSERT INTO Finance_details VALUES (212322085, 114971, '1631204329', 29469.98, 'Wells Fargo', 'Good');
INSERT INTO Finance_details VALUES (087226137, 365390, '5461846948', 72559.36, 'Bank of America', 'Standard');
INSERT INTO Finance_details VALUES (062293192, 872585, '3442289093', 15566.02, 'Citigroup', 'Good');
INSERT INTO Finance_details VALUES (727409990, 144402, '6158965543', 66567.32, 'TD Bank', 'Good');
INSERT INTO Finance_details VALUES (016732103, 345273, '5264379216', 12909.895, 'Chase', 'Good');
INSERT INTO Finance_details VALUES (198089791, 415216, '3321119986', 20601508.0, 'Wells Fargo', 'Good');
INSERT INTO Finance_details VALUES (518012262, 733572, '3546730823', 30788.44, 'Bank of America', 'Standard');
INSERT INTO Finance_details VALUES (465939571, 74341, '2475885785', 30788.44, 'Citigroup', 'Standard');
INSERT INTO Finance_details VALUES (860361556, 249650, '1238315826', 20574.47, 'TD Bank', 'Standard');

INSERT INTO Loan VALUES ('LP001015','Home',30,110000.0,987673);
INSERT INTO Loan VALUES ('LP001022','Vehicle',30,126000.0,987673);
INSERT INTO Loan VALUES ('LP001031','Home',30,208000.0,352841);
INSERT INTO Loan VALUES ('LP001035','Home',30,100000.0,554593);
INSERT INTO Loan VALUES ('LP001051','Home',30,78000.0,554593);
INSERT INTO Loan VALUES ('LP001054','Home',30,152000.0,554593);
INSERT INTO Loan VALUES ('LP001055','Home',30,59000.0,778711);
INSERT INTO Loan VALUES ('LP001056','Vehicle',30,147000.0,78932);
INSERT INTO Loan VALUES ('LP001059','Home',20,280000.0,319355);
INSERT INTO Loan VALUES ('LP001067','Home',30,123000.0,719439);
INSERT INTO Loan VALUES ('LP001078','Vehicle',30,90000.0,538409);
INSERT INTO Loan VALUES ('LP001082','Home',30,162000.0,538409);
INSERT INTO Loan VALUES ('LP001083','Home',15,40000.0,979749);
INSERT INTO Loan VALUES ('LP001094','Vehicle',30,166000.0,979749);
INSERT INTO Loan VALUES ('LP001096','Vehicle',30,124000.0,979749);
INSERT INTO Loan VALUES ('LP001099','Vehicle',30,131000.0,640537);
INSERT INTO Loan VALUES ('LP001105','Vehicle',30,200000.0,94613);
INSERT INTO Loan VALUES ('LP001107','Vehicle',30,126000.0,628418);
INSERT INTO Loan VALUES ('LP001108','Vehicle',30,300000.0,974101);
INSERT INTO Loan VALUES ('LP001115','Vehicle',15,100000.0,930301);
INSERT INTO Loan VALUES ('LP001121','Home',30,48000.0,176254);
INSERT INTO Loan VALUES ('LP001124','Home',15,28000.0,176254);
INSERT INTO Loan VALUES ('LP001128','Home',30,101000.0,176254);
INSERT INTO Loan VALUES ('LP001135','Home',30,125000.0,555849);
INSERT INTO Loan VALUES ('LP001149','Home',30,290000.0,555849);
INSERT INTO Loan VALUES ('LP001153','Home',30,148000.0,289060);
INSERT INTO Loan VALUES ('LP001163','Home',30,140000.0,166248);
INSERT INTO Loan VALUES ('LP001169','Home',30,275000.0,830875);
INSERT INTO Loan VALUES ('LP001174','Vehicle',30,57000.0,591642);
INSERT INTO Loan VALUES ('LP001176','Vehicle',15,125000.0,293654);
INSERT INTO Loan VALUES ('LP001177','Home',30,75000.0,58082);
INSERT INTO Loan VALUES ('LP001183','Home',30,192000.0,58082);
INSERT INTO Loan VALUES ('LP001185','Home',30,152000.0,950610);
INSERT INTO Loan VALUES ('LP001187','Home',30,158000.0,358893);
INSERT INTO Loan VALUES ('LP001190','Home',30,101000.0,114971);
INSERT INTO Loan VALUES ('LP001203','Vehicle',30,176000.0,114971);
INSERT INTO Loan VALUES ('LP001208','Vehicle',15,185000.0,114971);
INSERT INTO Loan VALUES ('LP001210','Vehicle',30,90000.0,365390);
INSERT INTO Loan VALUES ('LP001211','Vehicle',30,116000.0,872585);
INSERT INTO Loan VALUES ('LP001219','Vehicle',30,138000.0,144402);
INSERT INTO Loan VALUES ('LP001220','Home',30,100000.0,733572);
INSERT INTO Loan VALUES ('LP001221','Home',30,110000.0,733572);
INSERT INTO Loan VALUES ('LP001226','Home',30,90000.0,733572);
INSERT INTO Loan VALUES ('LP001230','Home',30,200000.0,249650);
INSERT INTO Loan VALUES ('LP001231','Home',30,84000.0,249650);
INSERT INTO Loan VALUES ('LP001232','Home',0,185000.0,249650);
INSERT INTO Loan VALUES ('LP001237','Home',30,162000.0,249650);
INSERT INTO Loan VALUES ('LP001242','Home',30,108000.0,499661);
INSERT INTO Loan VALUES ('LP001268','Home',0,187000.0,499661);
INSERT INTO Loan VALUES ('LP001270','Home',30,187000.0,638484);
INSERT INTO Loan VALUES ('LP001284','Home',30,124000.0,621200);
INSERT INTO Loan VALUES ('LP001287','Home',30,120000.0,621200);
INSERT INTO Loan VALUES ('LP001291','Home',30,160000.0,621200);
INSERT INTO Loan VALUES ('LP001298','Home',15,30000.0,847339);
INSERT INTO Loan VALUES ('LP001312','Vehicle',30,92000.0,847339);

INSERT INTO Policy_Holder VALUES (1,915790,NULL,114.0,'Active','2022-02-05','2032-11-14', '2023-12-03','No',73812);
INSERT INTO Policy_Holder VALUES (2,74341,108.0,NULL,'Inactive','2022-01-22','2037-09-28', '2023-02-27','Yes',78600);
INSERT INTO Policy_Holder VALUES (3,293654,NULL,113.0,'Inactive','2022-06-09','2033-11-08', '2023-05-28','No',80340);
INSERT INTO Policy_Holder VALUES (4,640537,110.0,NULL,'Active','2022-06-16','2041-11-07', '2023-01-31','Yes',95189);
INSERT INTO Policy_Holder VALUES (5,319355,109.0,NULL,'Inactive','2022-06-19','2039-02-04', '2023-10-15','No',69259);
INSERT INTO Policy_Holder VALUES (6,979749,101.0,NULL,'Inactive','2022-04-22','2037-10-13', '2023-04-10','Yes',80340);
INSERT INTO Policy_Holder VALUES (7,77471,101.0,NULL,'Active','2022-06-09','2038-05-29', '2023-04-27','Yes',78600);
INSERT INTO Policy_Holder VALUES (8,532909,108.0,NULL,'Active','2022-05-01','2041-11-22', '2023-12-04','Yes',73812);
INSERT INTO Policy_Holder VALUES (9,847339,NULL,NULL,'Inactive','2022-01-31','2038-06-16', '2023-07-27','No',6768);
INSERT INTO Policy_Holder VALUES (10,532909,NULL,119.0,'Active','2022-02-03','2034-10-20', '2023-05-19','No',6768);
INSERT INTO Policy_Holder VALUES (11,628418,110.0,NULL,'Inactive','2022-02-11','2034-05-23', '2023-11-19','No',69259);
INSERT INTO Policy_Holder VALUES (12,979749,NULL,NULL,'Active','2022-05-26','2033-02-02', '2023-12-15','No',52121);
INSERT INTO Policy_Holder VALUES (13,972654,123.0,NULL,'Inactive','2022-01-23','2041-11-18', '2023-10-06','No',69259);
INSERT INTO Policy_Holder VALUES (14,389080,108.0,NULL,'Inactive','2022-06-19','2035-08-23', '2023-12-02','Yes',97444);
INSERT INTO Policy_Holder VALUES (15,555849,104.0,NULL,'Inactive','2022-03-02','2034-09-26', '2023-11-26','No',73812);
INSERT INTO Policy_Holder VALUES (16,867938,NULL,NULL,'Inactive','2022-05-30','2041-10-25', '2023-01-04','Yes',73812);
INSERT INTO Policy_Holder VALUES (17,733572,105.0,NULL,'Active','2022-01-22','2034-08-28', '2023-11-14','Yes',69259);
INSERT INTO Policy_Holder VALUES (18,499661,NULL,NULL,'Active','2022-01-26','2036-06-29', '2023-09-24','Yes',73812);
INSERT INTO Policy_Holder VALUES (19,532909,100.0,NULL,'Active','2022-05-17','2036-10-25', '2023-11-04','Yes',95189);
INSERT INTO Policy_Holder VALUES (20,979749,105.0,NULL,'Inactive','2022-02-26','2039-08-29', '2023-02-09','No',13041);
INSERT INTO Policy_Holder VALUES (21,74341,110.0,NULL,'Inactive','2022-04-08','2034-06-03', '2023-12-11','No',92900);
INSERT INTO Policy_Holder VALUES (22,166248,NULL,NULL,'Inactive','2022-02-03','2041-10-15', '2023-05-29','No',92085);
INSERT INTO Policy_Holder VALUES (23,981115,104.0,NULL,'Inactive','2022-04-26','2038-05-13', '2023-05-12','Yes',80340);
INSERT INTO Policy_Holder VALUES (24,950610,NULL,NULL,'Inactive','2022-05-22','2038-01-11', '2023-01-16','No',69259);
INSERT INTO Policy_Holder VALUES (25,847339,103.0,NULL,'Active','2022-04-01','2034-04-23', '2023-06-11','Yes',6768);
INSERT INTO Policy_Holder VALUES (26,144402,105.0,NULL,'Active','2022-03-17','2038-05-18', '2023-08-07','Yes',92900);
INSERT INTO Policy_Holder VALUES (27,950610,NULL,NULL,'Active','2022-06-06','2039-12-27', '2023-08-23','Yes',97444);
INSERT INTO Policy_Holder VALUES (28,389080,NULL,113.0,'Active','2022-06-27','2035-04-03', '2023-07-31','Yes',69259);
INSERT INTO Policy_Holder VALUES (29,872585,109.0,NULL,'Active','2022-06-13','2041-09-19', '2023-10-04','No',92900);
INSERT INTO Policy_Holder VALUES (30,58082,NULL,NULL,'Active','2022-01-16','2034-02-19', '2023-12-13','Yes',69259);
INSERT INTO Policy_Holder VALUES (31,293654,NULL,NULL,'Inactive','2022-02-01','2035-07-02', '2023-10-31','No',85926);
INSERT INTO Policy_Holder VALUES (32,532909,NULL,119.0,'Active','2022-01-18','2039-12-04', '2023-09-23','Yes',80340);
INSERT INTO Policy_Holder VALUES (33,915790,NULL,NULL,'Inactive','2022-01-26','2041-01-26', '2023-08-03','Yes',95189);
INSERT INTO Policy_Holder VALUES (34,981115,108.0,NULL,'Inactive','2022-02-09','2038-12-08', '2023-11-05','No',92900);
INSERT INTO Policy_Holder VALUES (35,950610,NULL,112.0,'Active','2022-05-05','2037-08-07', '2023-04-10','No',80340);
INSERT INTO Policy_Holder VALUES (36,719439,104.0,NULL,'Active','2022-01-10','2041-07-06', '2023-01-12','No',92085);
INSERT INTO Policy_Holder VALUES (37,981115,104.0,NULL,'Inactive','2022-04-09','2040-08-09', '2023-09-16','Yes',73812);
INSERT INTO Policy_Holder VALUES (38,981115,NULL,NULL,'Active','2022-04-22','2038-04-11', '2023-08-19','Yes',85926);
INSERT INTO Policy_Holder VALUES (39,358893,109.0,NULL,'Inactive','2022-02-05','2035-09-20', '2023-01-10','Yes',52121);
INSERT INTO Policy_Holder VALUES (40,554593,101.0,NULL,'Active','2022-03-22','2038-12-06', '2023-09-06','Yes',13041);
INSERT INTO Policy_Holder VALUES (41,778711,NULL,111.0,'Active','2022-03-31','2035-03-23', '2023-05-21','Yes',73812);
INSERT INTO Policy_Holder VALUES (42,950610,NULL,120.0,'Inactive','2022-03-26','2035-04-21', '2023-06-20','Yes',80340);
INSERT INTO Policy_Holder VALUES (43,319355,NULL,NULL,'Inactive','2022-05-15','2036-03-28', '2023-10-28','Yes',73812);
INSERT INTO Policy_Holder VALUES (44,365390,101.0,NULL,'Inactive','2022-05-27','2038-12-30', '2023-10-15','No',78600);
INSERT INTO Policy_Holder VALUES (45,389080,NULL,NULL,'Inactive','2022-02-26','2035-06-30', '2023-08-26','No',80340);
INSERT INTO Policy_Holder VALUES (46,987673,NULL,NULL,'Active','2022-05-03','2040-03-18', '2023-04-29','Yes',95189);
INSERT INTO Policy_Holder VALUES (47,555849,110.0,NULL,'Inactive','2022-01-24','2036-03-28', '2023-08-05','Yes',92085);
INSERT INTO Policy_Holder VALUES (48,871428,NULL,NULL,'Active','2022-02-12','2036-03-02', '2023-12-20','Yes',97444);
INSERT INTO Policy_Holder VALUES (49,58082,NULL,NULL,'Inactive','2022-04-16','2040-11-16', '2023-02-13','No',92085);
INSERT INTO Policy_Holder VALUES (50,289060,104.0,NULL,'Inactive','2022-01-08','2037-08-16', '2023-05-14','Yes',97444);

INSERT INTO Vehicle_Details VALUES (1,'Four Wheeler','Vehicle_1','Lamborghini',5,'No damage',2,29,'LP001115');
INSERT INTO Vehicle_Details VALUES (2,'Four Wheeler','Vehicle_2','Toyota',3,'No damage',3,23,'LP001208');
INSERT INTO Vehicle_Details VALUES (3,'Two Wheeler','Vehicle_3','Lamborghini',7,'No damage',3,20,'LP001096');
INSERT INTO Vehicle_Details VALUES (4,'Two Wheeler','Vehicle_4','Lamborghini',5,'No damage',1,21,'LP001124');
INSERT INTO Vehicle_Details VALUES (5,'Two Wheeler','Vehicle_5','Mustang',1,'No damage',1,48,'LP001210');
INSERT INTO Vehicle_Details VALUES (6,'Two Wheeler','Vehicle_6','BMW',5,'No damage',2,7,'LP001231');
INSERT INTO Vehicle_Details VALUES (7,'Two Wheeler','Vehicle_7','Toyota',7,'High damage',1,11,'LP001135');
INSERT INTO Vehicle_Details VALUES (8,'Two Wheeler','Vehicle_8','Honda',4,'Some damage',2,2,'LP001298');
INSERT INTO Vehicle_Details VALUES (9,'Two Wheeler','Vehicle_9','Mustang',1,'High damage',2,38,'LP001270');
INSERT INTO Vehicle_Details VALUES (10,'Four Wheeler','Vehicle_10','Audi',5,'High damage',2,25,'LP001210');
INSERT INTO Vehicle_Details VALUES (11,'Two Wheeler','Vehicle_11','Lincoln',3,'No damage',3,9,'LP001220');
INSERT INTO Vehicle_Details VALUES (12,'Two Wheeler','Vehicle_12','Lincoln',4,'High damage',2,45,'LP001221');
INSERT INTO Vehicle_Details VALUES (13,'Two Wheeler','Vehicle_13','Bentley',2,'Some damage',1,3,'LP001115');
INSERT INTO Vehicle_Details VALUES (14,'Four Wheeler','Vehicle_14','Mercedes',2,'Some damage',2,15,'LP001022');
INSERT INTO Vehicle_Details VALUES (15,'Two Wheeler','Vehicle_15','Lincoln',3,'Some damage',1,23,'LP001059');
INSERT INTO Vehicle_Details VALUES (16,'Two Wheeler','Vehicle_16','Honda',2,'High damage',2,4,'LP001177');
INSERT INTO Vehicle_Details VALUES (17,'Four Wheeler','Vehicle_17','Maruti',3,'Some damage',2,10,'LP001055');
INSERT INTO Vehicle_Details VALUES (18,'Two Wheeler','Vehicle_18','BMW',3,'High damage',1,42,'LP001270');
INSERT INTO Vehicle_Details VALUES (19,'Four Wheeler','Vehicle_19','Audi',1,'High damage',1,17,'LP001022');
INSERT INTO Vehicle_Details VALUES (20,'Four Wheeler','Vehicle_20','Ford',1,'Some damage',1,5,'LP001054');
INSERT INTO Vehicle_Details VALUES (21,'Two Wheeler','Vehicle_21','Kia',4,'Some damage',1,50,'LP001094');
INSERT INTO Vehicle_Details VALUES (22,'Two Wheeler','Vehicle_22','Mazda',6,'No damage',2,1,'LP001208');
INSERT INTO Vehicle_Details VALUES (23,'Four Wheeler','Vehicle_23','Lincoln',6,'High damage',3,20,'LP001135');
INSERT INTO Vehicle_Details VALUES (24,'Four Wheeler','Vehicle_24','Ford',2,'Some damage',2,31,'LP001107');
INSERT INTO Vehicle_Details VALUES (25,'Four Wheeler','Vehicle_25','Toyota',5,'No damage',3,38,'LP001174');
INSERT INTO Vehicle_Details VALUES (26,'Two Wheeler','Vehicle_26','Maruti',5,'No damage',2,27,'LP001270');
INSERT INTO Vehicle_Details VALUES (27,'Two Wheeler','Vehicle_27','Ford',6,'No damage',3,6,'LP001208');
INSERT INTO Vehicle_Details VALUES (28,'Two Wheeler','Vehicle_28','Kia',3,'No damage',1,46,'LP001078');
INSERT INTO Vehicle_Details VALUES (29,'Two Wheeler','Vehicle_29','Toyota',4,'High damage',2,14,'LP001105');
INSERT INTO Vehicle_Details VALUES (30,'Two Wheeler','Vehicle_30','Lincoln',5,'High damage',1,13,'LP001287');
INSERT INTO Vehicle_Details VALUES (31,'Four Wheeler','Vehicle_31','Bentley',7,'No damage',3,24,'LP001190');
INSERT INTO Vehicle_Details VALUES (32,'Four Wheeler','Vehicle_32','Mazda',3,'Some damage',1,4,'LP001270');
INSERT INTO Vehicle_Details VALUES (33,'Four Wheeler','Vehicle_33','Kia',2,'Some damage',2,16,'LP001208');
INSERT INTO Vehicle_Details VALUES (34,'Two Wheeler','Vehicle_34','Mustang',3,'Some damage',3,46,'LP001284');
INSERT INTO Vehicle_Details VALUES (35,'Two Wheeler','Vehicle_35','Audi',6,'High damage',2,2,'LP001031');
INSERT INTO Vehicle_Details VALUES (36,'Four Wheeler','Vehicle_36','Bentley',6,'High damage',2,2,'LP001169');
INSERT INTO Vehicle_Details VALUES (37,'Two Wheeler','Vehicle_37','Mercedes',7,'Some damage',3,23,'LP001149');
INSERT INTO Vehicle_Details VALUES (38,'Four Wheeler','Vehicle_38','Tata',1,'High damage',3,18,'LP001082');
INSERT INTO Vehicle_Details VALUES (39,'Two Wheeler','Vehicle_39','Mustang',2,'No damage',1,38,'LP001187');
INSERT INTO Vehicle_Details VALUES (40,'Four Wheeler','Vehicle_40','Bentley',1,'Some damage',3,4,'LP001231');
INSERT INTO Vehicle_Details VALUES (41,'Two Wheeler','Vehicle_41','Tata',5,'No damage',3,4,'LP001054');
INSERT INTO Vehicle_Details VALUES (42,'Two Wheeler','Vehicle_42','Ford',7,'No damage',2,18,'LP001221');
INSERT INTO Vehicle_Details VALUES (43,'Two Wheeler','Vehicle_43','Lamborghini',5,'High damage',2,4,'LP001242');
INSERT INTO Vehicle_Details VALUES (44,'Four Wheeler','Vehicle_44','Mazda',5,'High damage',3,11,'LP001153');
INSERT INTO Vehicle_Details VALUES (45,'Four Wheeler','Vehicle_45','Audi',5,'High damage',1,3,'LP001022');
INSERT INTO Vehicle_Details VALUES (46,'Two Wheeler','Vehicle_46','Mercedes',2,'High damage',2,50,'LP001115');
INSERT INTO Vehicle_Details VALUES (47,'Two Wheeler','Vehicle_47','Mustang',5,'No damage',3,35,'LP001177');
INSERT INTO Vehicle_Details VALUES (48,'Two Wheeler','Vehicle_48','Bentley',3,'No damage',1,19,'LP001059');
INSERT INTO Vehicle_Details VALUES (49,'Two Wheeler','Vehicle_49','Ford',3,'Some damage',2,50,'LP001015');
INSERT INTO Vehicle_Details VALUES (50,'Two Wheeler','Vehicle_50','BMW',5,'No damage',1,8,'LP001187');
INSERT INTO Vehicle_Details VALUES (51,'Two Wheeler','Vehicle_51','BMW',5,'High damage',3,23,'LP001055');
INSERT INTO Vehicle_Details VALUES (52,'Four Wheeler','Vehicle_52','Maruti',7,'High damage',2,39,'LP001108');
INSERT INTO Vehicle_Details VALUES (53,'Two Wheeler','Vehicle_53','BMW',5,'No damage',3,21,'LP001203');
INSERT INTO Vehicle_Details VALUES (54,'Two Wheeler','Vehicle_54','Kia',6,'No damage',1,43,'LP001035');
INSERT INTO Vehicle_Details VALUES (55,'Four Wheeler','Vehicle_55','Lamborghini',6,'No damage',3,14,'LP001287');
INSERT INTO Vehicle_Details VALUES (56,'Four Wheeler','Vehicle_56','Toyota',1,'Some damage',3,11,'LP001055');
INSERT INTO Vehicle_Details VALUES (57,'Four Wheeler','Vehicle_57','Ford',6,'No damage',1,24,'LP001190');
INSERT INTO Vehicle_Details VALUES (58,'Four Wheeler','Vehicle_58','Tata',5,'No damage',3,18,'LP001242');
INSERT INTO Vehicle_Details VALUES (59,'Two Wheeler','Vehicle_59','Mazda',1,'No damage',3,13,'LP001121');
INSERT INTO Vehicle_Details VALUES (60,'Four Wheeler','Vehicle_60','Mazda',3,'Some damage',3,4,'LP001211');
INSERT INTO Vehicle_Details VALUES (61,'Two Wheeler','Vehicle_61','Kia',1,'Some damage',2,43,'LP001054');
INSERT INTO Vehicle_Details VALUES (62,'Four Wheeler','Vehicle_62','Mustang',6,'No damage',3,27,'LP001268');
INSERT INTO Vehicle_Details VALUES (63,'Four Wheeler','Vehicle_63','Mustang',2,'Some damage',1,3,'LP001226');
INSERT INTO Vehicle_Details VALUES (64,'Two Wheeler','Vehicle_64','Lamborghini',5,'No damage',3,30,'LP001268');
INSERT INTO Vehicle_Details VALUES (65,'Four Wheeler','Vehicle_65','Audi',7,'High damage',1,21,'LP001059');
INSERT INTO Vehicle_Details VALUES (66,'Four Wheeler','Vehicle_66','Kia',5,'No damage',2,19,'LP001059');
INSERT INTO Vehicle_Details VALUES (67,'Two Wheeler','Vehicle_67','Mustang',7,'Some damage',2,19,'LP001015');
INSERT INTO Vehicle_Details VALUES (68,'Four Wheeler','Vehicle_68','Mustang',4,'High damage',3,3,'LP001312');
INSERT INTO Vehicle_Details VALUES (69,'Four Wheeler','Vehicle_69','BMW',6,'Some damage',3,3,'LP001291');
INSERT INTO Vehicle_Details VALUES (70,'Two Wheeler','Vehicle_70','Toyota',2,'No damage',1,38,'LP001078');
INSERT INTO Vehicle_Details VALUES (71,'Two Wheeler','Vehicle_71','Tata',5,'No damage',2,41,'LP001287');
INSERT INTO Vehicle_Details VALUES (72,'Four Wheeler','Vehicle_72','Honda',5,'High damage',2,20,'LP001121');
INSERT INTO Vehicle_Details VALUES (73,'Four Wheeler','Vehicle_73','Ford',1,'Some damage',3,25,'LP001284');
INSERT INTO Vehicle_Details VALUES (74,'Two Wheeler','Vehicle_74','Tata',2,'High damage',1,44,'LP001232');
INSERT INTO Vehicle_Details VALUES (75,'Four Wheeler','Vehicle_75','Honda',3,'Some damage',3,9,'LP001035');
INSERT INTO Vehicle_Details VALUES (76,'Four Wheeler','Vehicle_76','Lincoln',2,'High damage',3,39,'LP001121');
INSERT INTO Vehicle_Details VALUES (77,'Four Wheeler','Vehicle_77','Mustang',5,'High damage',2,3,'LP001105');
INSERT INTO Vehicle_Details VALUES (78,'Four Wheeler','Vehicle_78','Lamborghini',7,'No damage',3,35,'LP001208');
INSERT INTO Vehicle_Details VALUES (79,'Two Wheeler','Vehicle_79','BMW',2,'No damage',3,24,'LP001287');
INSERT INTO Vehicle_Details VALUES (80,'Four Wheeler','Vehicle_80','Audi',6,'Some damage',1,36,'LP001230');
INSERT INTO Vehicle_Details VALUES (81,'Two Wheeler','Vehicle_81','Mazda',3,'Some damage',2,39,'LP001312');
INSERT INTO Vehicle_Details VALUES (82,'Two Wheeler','Vehicle_82','Mazda',3,'High damage',3,10,'LP001210');
INSERT INTO Vehicle_Details VALUES (83,'Two Wheeler','Vehicle_83','Lincoln',1,'Some damage',2,20,'LP001226');
INSERT INTO Vehicle_Details VALUES (84,'Two Wheeler','Vehicle_84','Bentley',5,'High damage',2,5,'LP001078');
INSERT INTO Vehicle_Details VALUES (85,'Two Wheeler','Vehicle_85','BMW',4,'No damage',3,37,'LP001312');
INSERT INTO Vehicle_Details VALUES (86,'Four Wheeler','Vehicle_86','Tata',6,'Some damage',2,20,'LP001231');
INSERT INTO Vehicle_Details VALUES (87,'Four Wheeler','Vehicle_87','Bentley',1,'Some damage',2,31,'LP001121');
INSERT INTO Vehicle_Details VALUES (88,'Four Wheeler','Vehicle_88','Tata',5,'Some damage',3,24,'LP001105');
INSERT INTO Vehicle_Details VALUES (89,'Four Wheeler','Vehicle_89','BMW',6,'High damage',3,22,'LP001298');
INSERT INTO Vehicle_Details VALUES (90,'Two Wheeler','Vehicle_90','Ford',7,'Some damage',1,6,'LP001291');
INSERT INTO Vehicle_Details VALUES (91,'Two Wheeler','Vehicle_91','Mercedes',2,'High damage',1,41,'LP001298');
INSERT INTO Vehicle_Details VALUES (92,'Four Wheeler','Vehicle_92','Bentley',6,'No damage',3,18,'LP001055');
INSERT INTO Vehicle_Details VALUES (93,'Two Wheeler','Vehicle_93','Mustang',1,'Some damage',3,22,'LP001067');
INSERT INTO Vehicle_Details VALUES (94,'Two Wheeler','Vehicle_94','Bentley',7,'No damage',2,44,'LP001287');
INSERT INTO Vehicle_Details VALUES (95,'Two Wheeler','Vehicle_95','Mercedes',5,'No damage',1,40,'LP001056');
INSERT INTO Vehicle_Details VALUES (96,'Four Wheeler','Vehicle_96','Mercedes',5,'High damage',1,35,'LP001107');
INSERT INTO Vehicle_Details VALUES (97,'Two Wheeler','Vehicle_97','Ford',7,'No damage',2,38,'LP001094');
INSERT INTO Vehicle_Details VALUES (98,'Two Wheeler','Vehicle_98','Mercedes',1,'Some damage',1,6,'LP001096');
INSERT INTO Vehicle_Details VALUES (99,'Four Wheeler','Vehicle_99','Tata',6,'Some damage',1,48,'LP001121');
INSERT INTO Vehicle_Details VALUES (100,'Four Wheeler','Vehicle_100','Honda',7,'No damage',1,30,'LP001022');

INSERT INTO Home_Details VALUES (1111,'75752 Adams Island Suite 046
North Kylefurt, MP 50842',40.0,'Old',436785,18,30,'LP001096');
INSERT INTO Home_Details VALUES (1112,'198 Lisa Tunnel Apt. 182
Emilychester, GU 66314',42.0,'New',342776,9,21,'LP001054');
INSERT INTO Home_Details VALUES (1113,'406 Scott Port
Kimberlyton, TN 37636',45.0,'New',332329,7,2,'LP001187');
INSERT INTO Home_Details VALUES (1114,'7277 Richardson Crossroad Suite 008
Heiditon, NV 39976',46.0,'New',90692,2,1,'LP001096');
INSERT INTO Home_Details VALUES (1115,'179 Lori Streets Apt. 144
Beckermouth, WV 47323',55.0,'Old',191193,18,10,'LP001083');
INSERT INTO Home_Details VALUES (1116,'USCGC Castro
FPO AE 63334',55.0,'Old',276800,13,38,'LP001054');
INSERT INTO Home_Details VALUES (1117,'617 Miller Tunnel Apt. 087
Michaelbury, NC 40183',60.0,'New',447475,5,30,'LP001203');
INSERT INTO Home_Details VALUES (1118,'0648 Smith Drives
New Manuelmouth, PW 63254',62.0,'Old',116388,11,35,'LP001128');
INSERT INTO Home_Details VALUES (1119,'945 Mckinney Islands Suite 015
Lake Matthew, GA 69018',64.0,'Old',176717,18,19,'LP001107');
INSERT INTO Home_Details VALUES (1120,'78880 Maria Row
Angelicaborough, FL 07013',65.0,'New',400814,4,19,'LP001082');
INSERT INTO Home_Details VALUES (1121,'2792 Christopher Crescent
Millerchester, ME 50898',65.0,'Old',323883,15,29,'LP001210');
INSERT INTO Home_Details VALUES (1122,'532 Williams Mews
South Brianna, LA 24518',65.0,'Old',452484,18,46,'LP001153');
INSERT INTO Home_Details VALUES (1123,'0423 Kendra Hollow
Port Williamfort, CA 93132',65.0,'Old',442984,16,12,'LP001105');
INSERT INTO Home_Details VALUES (1124,'1010 Green Throughway Apt. 275
North Karinashire, OR 06948',65.0,'Old',318296,18,42,'LP001015');
INSERT INTO Home_Details VALUES (1125,'948 Wendy Island
Danielborough, IN 92399',65.0,'Old',213795,18,19,'LP001220');
INSERT INTO Home_Details VALUES (1126,'1849 Camacho Pike Apt. 371
Alvareztown, CT 51535',65.0,'New',400501,2,47,'LP001298');
INSERT INTO Home_Details VALUES (1127,'262 Brennan Trafficway Suite 231
Nicoleborough, WV 41961',67.0,'New',195763,2,15,'LP001284');
INSERT INTO Home_Details VALUES (1128,'0540 Peggy Harbor
New Brendaburgh, GA 47499',68.0,'Old',433520,11,17,'LP001183');
INSERT INTO Home_Details VALUES (1129,'743 Colton Row Apt. 334
Lake Miguelfurt, AZ 57975',70.0,'Old',430470,11,26,'LP001149');
INSERT INTO Home_Details VALUES (1130,'86147 Donald Prairie
Keyton, ND 95750',70.0,'New',345552,7,44,'LP001135');
INSERT INTO Home_Details VALUES (1131,'34110 Mclean Tunnel Suite 911
West Mary, AR 66161',70.0,'Old',276581,14,17,'LP001174');
INSERT INTO Home_Details VALUES (1132,'71563 Smith Views
Alejandrabury, VI 05856',70.0,'New',383636,3,44,'LP001153');
INSERT INTO Home_Details VALUES (1133,'4659 Preston Valleys Apt. 856
Hudsonstad, MT 06301',70.0,'New',434206,4,9,'LP001051');
INSERT INTO Home_Details VALUES (1134,'40899 Scott Brook
Port Marie, VA 90541',70.0,'Old',460027,16,12,'LP001226');
INSERT INTO Home_Details VALUES (1135,'47825 Cody Parkways
Careyberg, AR 41342',70.0,'New',337693,1,15,'LP001096');
INSERT INTO Home_Details VALUES (1136,'08219 Olson Fort
Hollyville, FM 38043',73.0,'New',82138,9,6,'LP001056');
INSERT INTO Home_Details VALUES (1137,'26775 Newton Ville Apt. 068
Wagnerland, MH 01023',75.0,'Old',354186,11,15,'LP001187');
INSERT INTO Home_Details VALUES (1138,'66479 Boone Wall Apt. 959
Haasburgh, IA 13286',75.0,'New',454265,9,25,'LP001015');
INSERT INTO Home_Details VALUES (1139,'8050 Carter Mills
Berryhaven, NE 84874',75.0,'New',136247,9,47,'LP001169');
INSERT INTO Home_Details VALUES (1140,'33625 Lisa Cape
North Melindastad, MO 62522',75.0,'Old',494163,16,26,'LP001208');
INSERT INTO Home_Details VALUES (1141,'PSC 1263, Box 7459
APO AE 60660',75.0,'New',52036,6,23,'LP001082');
INSERT INTO Home_Details VALUES (1142,'301 Elizabeth Groves Apt. 657
South John, OH 67390',80.0,'New',111563,1,29,'LP001221');
INSERT INTO Home_Details VALUES (1143,'60269 Brown Island
Port Ashley, SD 33903',80.0,'Old',230586,14,5,'LP001067');
INSERT INTO Home_Details VALUES (1144,'2196 Scott Manors
Rodneyport, UT 25213',80.0,'Old',330811,16,7,'LP001163');
INSERT INTO Home_Details VALUES (1145,'322 Rodriguez Viaduct
Gouldborough, CO 12542',80.0,'New',335974,1,16,'LP001169');
INSERT INTO Home_Details VALUES (1146,'8965 William Way
South Scottview, MP 18714',80.0,'Old',242715,16,24,'LP001219');
INSERT INTO Home_Details VALUES (1147,'8776 Mark Bypass
Cruzview, AR 89256',80.0,'New',270008,8,11,'LP001210');
INSERT INTO Home_Details VALUES (1148,'39429 Matthew Flats Suite 953
Jessicaside, WI 84160',80.0,'New',277394,5,37,'LP001108');
INSERT INTO Home_Details VALUES (1149,'33523 Richard Lodge
New Aaronchester, WI 22767',82.0,'Old',408737,13,16,'LP001056');
INSERT INTO Home_Details VALUES (1150,'110 Clark Burg Apt. 098
Duncanberg, AR 63863',83.0,'New',57617,3,49,'LP001099');
INSERT INTO Home_Details VALUES (1151,'45397 Wheeler Tunnel Apt. 907
Jordanchester, VT 02350',84.0,'Old',108797,12,45,'LP001230');
INSERT INTO Home_Details VALUES (1152,'730 Kevin Landing Apt. 008
Harrishaven, HI 48429',85.0,'Old',149487,14,6,'LP001231');
INSERT INTO Home_Details VALUES (1153,'72902 Hansen Ways Suite 277
North Pamela, NH 52289',85.0,'Old',144155,14,8,'LP001270');
INSERT INTO Home_Details VALUES (1154,'896 Sydney Prairie
Coryborough, NV 26459',86.0,'New',383246,1,8,'LP001056');
INSERT INTO Home_Details VALUES (1155,'3518 Padilla Dale Apt. 411
East Karenshire, TX 38548',90.0,'Old',246008,11,36,'LP001231');
INSERT INTO Home_Details VALUES (1156,'4290 Sandra Station Suite 531
Annaburgh, WI 65467',90.0,'New',314753,6,5,'LP001051');
INSERT INTO Home_Details VALUES (1157,'213 Bennett Drive
North Wesley, CO 62491',90.0,'Old',230050,19,12,'LP001105');
INSERT INTO Home_Details VALUES (1158,'PSC 9200, Box 8803
APO AA 46951',90.0,'New',385954,8,36,'LP001149');
INSERT INTO Home_Details VALUES (1159,'20260 Becker Plains Apt. 705
West Cynthia, NC 69061',90.0,'New',104917,5,33,'LP001153');
INSERT INTO Home_Details VALUES (1160,'324 David Tunnel
New Kyleborough, VI 58893',95.0,'New',360952,2,28,'LP001174');

INSERT INTO Transactions VALUES (098725,'2017-03-10','Pending',49668,719439,27);
INSERT INTO Transactions VALUES (603071,'2017-03-21','Pending',18303,345273,28);
INSERT INTO Transactions VALUES (136633,'2017-07-11','Failed',16434,249650,21);
INSERT INTO Transactions VALUES (152754,'2017-04-29','Failed',46570,871428,2);
INSERT INTO Transactions VALUES (616393,'2017-05-16','Failed',44055,555849,14);
INSERT INTO Transactions VALUES (926484,'2017-05-08','Completed',15151,640537,6);
INSERT INTO Transactions VALUES (205872,'2017-10-01','Failed',2756,915790,30);
INSERT INTO Transactions VALUES (586079,'2017-07-28','Failed',24303,867938,15);
INSERT INTO Transactions VALUES (028129,'2017-01-31','Failed',29118,555849,2);
INSERT INTO Transactions VALUES (793896,'2017-09-05','Failed',6691,621200,20);
INSERT INTO Transactions VALUES (830021,'2017-01-20','Completed',17164,293654,14);
INSERT INTO Transactions VALUES (726836,'2017-08-30','Pending',26063,358893,24);
INSERT INTO Transactions VALUES (775668,'2017-10-01','Failed',33701,365390,50);
INSERT INTO Transactions VALUES (254957,'2017-08-19','Pending',14749,867938,18);
INSERT INTO Transactions VALUES (189198,'2017-08-19','Completed',24353,389080,9);
INSERT INTO Transactions VALUES (454793,'2017-06-09','Pending',1660,77471,34);
INSERT INTO Transactions VALUES (271127,'2017-09-01','Failed',12003,733572,36);
INSERT INTO Transactions VALUES (309030,'2017-10-21','Pending',16926,555849,43);
INSERT INTO Transactions VALUES (409634,'2017-09-05','Pending',23282,847339,21);
INSERT INTO Transactions VALUES (557235,'2017-02-08','Completed',30481,365390,4);
INSERT INTO Transactions VALUES (451003,'2017-11-10','Failed',37036,974101,31);
INSERT INTO Transactions VALUES (132434,'2017-04-01','Pending',1420,58082,41);
INSERT INTO Transactions VALUES (797901,'2017-11-21','Completed',37535,871428,17);
INSERT INTO Transactions VALUES (603560,'2017-12-30','Failed',44263,871428,19);
INSERT INTO Transactions VALUES (651645,'2017-08-17','Failed',45991,871428,33);
INSERT INTO Transactions VALUES (306533,'2017-06-01','Completed',40435,176254,41);
INSERT INTO Transactions VALUES (614899,'2017-09-05','Completed',35387,492977,26);
INSERT INTO Transactions VALUES (388314,'2017-01-20','Completed',46863,74341,29);
INSERT INTO Transactions VALUES (269945,'2017-10-17','Pending',6350,352841,27);
INSERT INTO Transactions VALUES (466018,'2017-04-13','Pending',26411,871428,50);
INSERT INTO Transactions VALUES (666273,'2017-04-07','Completed',19758,974101,11);
INSERT INTO Transactions VALUES (546336,'2017-10-02','Pending',2896,352841,32);
INSERT INTO Transactions VALUES (651163,'2017-05-23','Completed',9155,915790,7);
INSERT INTO Transactions VALUES (775830,'2017-03-10','Failed',6818,621200,3);
INSERT INTO Transactions VALUES (321230,'2017-08-30','Failed',31943,415216,6);
INSERT INTO Transactions VALUES (570276,'2017-05-19','Failed',45002,249650,40);
INSERT INTO Transactions VALUES (468560,'2017-03-05','Failed',23737,640537,20);
INSERT INTO Transactions VALUES (273256,'2017-08-30','Completed',15958,77471,16);
INSERT INTO Transactions VALUES (395515,'2017-05-19','Pending',48261,389080,33);
INSERT INTO Transactions VALUES (613772,'2017-05-16','Failed',42766,621200,23);
INSERT INTO Transactions VALUES (943192,'2017-04-07','Pending',43681,293654,9);
INSERT INTO Transactions VALUES (056476,'2017-04-17','Pending',15107,293654,29);
INSERT INTO Transactions VALUES (865643,'2017-06-03','Pending',8480,979749,11);
INSERT INTO Transactions VALUES (221016,'2017-06-09','Failed',26937,532909,6);
INSERT INTO Transactions VALUES (781085,'2017-10-17','Completed',37479,554593,3);
INSERT INTO Transactions VALUES (299534,'2017-07-10','Completed',21790,345273,26);
INSERT INTO Transactions VALUES (674674,'2017-12-29','Pending',5244,538409,45);
INSERT INTO Transactions VALUES (661066,'2017-03-10','Failed',18612,872585,22);
INSERT INTO Transactions VALUES (082963,'2017-11-01','Failed',6382,719439,12);
INSERT INTO Transactions VALUES (729563,'2017-12-05','Failed',1872,872585,42);

INSERT INTO Claim VALUES (1189,9529,'2023-01-22',5,'A');
INSERT INTO Claim VALUES (1466,14417,'2022-03-31',45,'A');
INSERT INTO Claim VALUES (1769,6675,'2022-06-13',26,'A');
INSERT INTO Claim VALUES (1775,14986,'2023-11-16',6,'P');
INSERT INTO Claim VALUES (1860,24939,'2022-01-15',2,'A');
INSERT INTO Claim VALUES (2184,12534,'2022-09-10',30,'A');
INSERT INTO Claim VALUES (2267,40099,'2023-04-22',27,'A');
INSERT INTO Claim VALUES (2528,9571,'2023-05-06',49,'A');
INSERT INTO Claim VALUES (2585,4561,'2023-12-31',19,'P');
INSERT INTO Claim VALUES (2685,7873,'2022-05-29',11,'A');
INSERT INTO Claim VALUES (2899,13185,'2023-03-23',41,'A');
INSERT INTO Claim VALUES (3047,24247,'2022-12-24',48,'A');
INSERT INTO Claim VALUES (3433,38065,'2022-07-13',10,'A');
INSERT INTO Claim VALUES (3558,25253,'2022-11-24',18,'A');
INSERT INTO Claim VALUES (3612,49190,'2023-09-02',3,'P');
INSERT INTO Claim VALUES (3734,18262,'2023-02-06',5,'A');
INSERT INTO Claim VALUES (3747,25300,'2023-01-07',17,'A');
INSERT INTO Claim VALUES (4005,10268,'2023-02-21',43,'A');
INSERT INTO Claim VALUES (4152,39660,'2023-12-16',32,'P');
INSERT INTO Claim VALUES (4385,41397,'2022-10-10',1,'A');
INSERT INTO Claim VALUES (4556,40976,'2023-05-21',19,'A');
INSERT INTO Claim VALUES (4890,39044,'2023-06-05',28,'A');
INSERT INTO Claim VALUES (5426,41757,'2022-04-15',5,'A');
INSERT INTO Claim VALUES (5555,30127,'2022-09-25',41,'A');
INSERT INTO Claim VALUES (5658,22271,'2023-03-08',31,'A');
INSERT INTO Claim VALUES (6051,34763,'2022-08-12',28,'A');
INSERT INTO Claim VALUES (6191,2021,'2022-02-14',12,'A');
INSERT INTO Claim VALUES (6311,27557,'2022-07-28',33,'A');
INSERT INTO Claim VALUES (6390,20457,'2022-01-30',14,'A');
INSERT INTO Claim VALUES (6393,41774,'2023-07-05',31,'R');
INSERT INTO Claim VALUES (6486,40504,'2023-10-17',4,'P');
INSERT INTO Claim VALUES (6578,10692,'2022-04-30',22,'R');
INSERT INTO Claim VALUES (6734,12653,'2022-03-01',37,'R');
INSERT INTO Claim VALUES (7235,23002,'2023-10-02',15,'P');
INSERT INTO Claim VALUES (7265,44573,'2022-03-16',34,'R');
INSERT INTO Claim VALUES (7396,26851,'2022-10-25',41,'R');
INSERT INTO Claim VALUES (7420,33606,'2022-08-27',12,'R');
INSERT INTO Claim VALUES (7949,1161,'2022-06-28',2,'R');
INSERT INTO Claim VALUES (8041,6258,'2023-09-17',12,'R');
INSERT INTO Claim VALUES (8099,34159,'2023-11-01',12,'P');
INSERT INTO Claim VALUES (8270,4943,'2022-01-01',32,'A');
INSERT INTO Claim VALUES (8513,3695,'2023-08-19',36,'R');
INSERT INTO Claim VALUES (8734,22243,'2023-04-07',37,'A');
INSERT INTO Claim VALUES (8849,25276,'2022-12-09',8,'A');
INSERT INTO Claim VALUES (9226,13666,'2023-12-01',14,'P');
INSERT INTO Claim VALUES (9322,46758,'2022-05-14',2,'A');
INSERT INTO Claim VALUES (9433,3027,'2023-08-04',29,'A');
INSERT INTO Claim VALUES (9666,2016,'2022-11-09',35,'A');
INSERT INTO Claim VALUES (9792,3568,'2023-07-20',44,'A');
INSERT INTO Claim VALUES (9838,49984,'2023-06-20',42,'R');

INSERT INTO Report VALUES (1,31,1114,9666);
INSERT INTO Report VALUES (22,6,1142,3433);
INSERT INTO Report VALUES (21,88,1122,7949);
INSERT INTO Report VALUES (17,95,1156,1775);
INSERT INTO Report VALUES (9,9,1153,3558);
INSERT INTO Report VALUES (20,49,1114,7235);
INSERT INTO Report VALUES (4,7,1122,3734);
INSERT INTO Report VALUES (14,77,1144,6390);
INSERT INTO Report VALUES (14,77,1121,2585);
INSERT INTO Report VALUES (29,13,1117,3612);
INSERT INTO Report VALUES (27,48,1157,4152);
INSERT INTO Report VALUES (8,55,1139,1775);
INSERT INTO Report VALUES (16,27,1134,8041);
INSERT INTO Report VALUES (6,88,1150,6578);
INSERT INTO Report VALUES (28,43,1151,3047);
INSERT INTO Report VALUES (27,22,1120,2685);
INSERT INTO Report VALUES (9,54,1115,7396);
INSERT INTO Report VALUES (20,73,1132,6390);
INSERT INTO Report VALUES (19,21,1132,5555);
INSERT INTO Report VALUES (5,32,1134,2585);
INSERT INTO Report VALUES (23,100,1147,3433);
INSERT INTO Report VALUES (17,65,1144,9433);
INSERT INTO Report VALUES (24,44,1160,3558);
INSERT INTO Report VALUES (16,52,1115,9666);
INSERT INTO Report VALUES (1,13,1131,9226);
INSERT INTO Report VALUES (10,23,1127,2585);
INSERT INTO Report VALUES (1,34,1154,3734);
INSERT INTO Report VALUES (28,59,1123,4890);
INSERT INTO Report VALUES (27,24,1120,5426);
INSERT INTO Report VALUES (25,23,1133,6311);

END //
DELIMITER ;