DELIMITER //
CREATE PROCEDURE insertdata()
BEGIN
INSERT INTO Customer VALUES (58082,'Alfred Balshen','140-400-3125','abalshen10@bloglines.com','0 Glendale Parkway','Yes',58);
INSERT INTO Customer VALUES (74341,'Cello Fassan','467-460-7623','cfassan1c@google.com.br','70873 Ludington Court','No',66);
INSERT INTO Customer VALUES (77471,'Guthrie Cortese','770-414-1691','gcortesep@about.com','0077 Sheridan Drive','No',65);
INSERT INTO Customer VALUES (78932,'Dorena Kingaby','370-179-1371','dkingaby4@printfriendly.com','13765 Petterle Circle','Yes',54);
INSERT INTO Customer VALUES (94613,'Cassandra Veitch','312-814-1819','cveitchc@cbslocal.com','850 Monument Avenue','Yes',31);
INSERT INTO Customer VALUES (109075,'Darrel Gounot','993-434-7131','dgounotw@gizmodo.com','4 West Way','Yes',42);
INSERT INTO Customer VALUES (114971,'Reeva Kupisz','300-253-6630','rkupisz15@moonfruit.com','6910 Bluestem Park','Yes',62);
INSERT INTO Customer VALUES (144402,'Dasha Hiscoe','262-608-3656','dhiscoe18@livejournal.com','6 Northfield Drive','No',18);
INSERT INTO Customer VALUES (166248,'Gisela Kretchmer','668-244-2155','gkretchmerr@list-manage.com','64 Pawling Way','No',78);
INSERT INTO Customer VALUES (174408,'Harri Paolo','790-698-5891','hpaolox@marriott.com','3 Cordelia Center','No',48);
INSERT INTO Customer VALUES (176254,'Correna Stitch','602-865-3223','cstitchj@tripod.com','15296 Bartillon Park','Yes',69);
INSERT INTO Customer VALUES (249650,'Curry Riggs','895-961-5847','criggs1d@independent.co.uk','3 Spenser Hill','No',27);
INSERT INTO Customer VALUES (289060,'Aundrea Abrahmer','470-635-1811','aabrahmerq@yelp.com','600 Haas Terrace','No',67);
INSERT INTO Customer VALUES (293654,'Thomasin Boddymead','867-190-2098','tboddymeadu@domainmarket.com','618 Hanover Street','Yes',51);
INSERT INTO Customer VALUES (319355,'Leda Liffe','768-317-1479','lliffe5@sun.com','17870 Oxford Plaza','Yes',35);
INSERT INTO Customer VALUES (336850,'Arda Calderhead','139-697-7506','acalderheadi@indiatimes.com','736 Sauthoff Point','Yes',76);
INSERT INTO Customer VALUES (345273,'Josee Honeywood','223-375-2439','jhoneywood19@engadget.com','6048 Spaight Parkway','No',71);
INSERT INTO Customer VALUES (352841,'Roderigo Sends','865-535-4858','rsends1@elegantthemes.com','73 Kenwood Terrace','Yes',75);
INSERT INTO Customer VALUES (358893,'Kara-lynn Dallaway','579-654-3410','kdallaway13@bbc.co.uk','4 Milwaukee Park','Yes',54);
INSERT INTO Customer VALUES (365390,'Wilfred Joel','632-327-2233','wjoel16@whitehouse.gov','450 Beilfuss Junction','Yes',74);
INSERT INTO Customer VALUES (389080,'Maurita Kleinplatz','152-738-5550','mkleinplatzh@vimeo.com','69920 Golf View Terrace','No',69);
INSERT INTO Customer VALUES (415216,'Nonnah Trass','370-533-6961','ntrass1a@apache.org','46327 Ludington Place','No',24);
INSERT INTO Customer VALUES (492977,'Darb Tomsen','658-767-5430','dtomseno@mashable.com','31 Forest Run Alley','No',80);
INSERT INTO Customer VALUES (499661,'Edy Toulamain','302-814-3607','etoulamain11@irs.gov','17892 Fairview Junction','No',20);
INSERT INTO Customer VALUES (532909,'Flo Mackett','412-351-4643','fmackettv@princeton.edu','06 Longview Street','Yes',53);
INSERT INTO Customer VALUES (538409,'Alyse Volleth','977-218-2551','avolleth7@hhs.gov','10 Kipling Court','No',24);
INSERT INTO Customer VALUES (554593,'Germain Metzig','782-318-0312','gmetzig2@discuz.net','94 Hoepker Hill','No',50);
INSERT INTO Customer VALUES (555849,'Rochette Dowglass','231-251-7850','rdowglassm@exblog.jp','7906 Marcy Place','Yes',25);
INSERT INTO Customer VALUES (591642,'Derrick Vowells','336-654-2002','dvowellst@cyberchimps.com','77236 Hazelcrest Trail','No',76);
INSERT INTO Customer VALUES (621200,'Augie Chene','745-190-9290','achenel@omniture.com','766 4th Parkway','Yes',53);
INSERT INTO Customer VALUES (628418,'Sianna Scay','128-774-9848','sscayd@nps.gov','9230 Waxwing Hill','Yes',40);
INSERT INTO Customer VALUES (632251,'Bendicty Gogay','162-986-3633','bgogayy@toplist.cz','164 Forest Plaza','Yes',29);
INSERT INTO Customer VALUES (638484,'Angie Attow','343-925-7380','aattowk@mapy.cz','05 Summerview Junction','Yes',68);
INSERT INTO Customer VALUES (640537,'Constanta Beresfore','453-864-6762','cberesfore9@cargocollective.com','35432 Charing Cross Avenue','No',31);
INSERT INTO Customer VALUES (719439,'Hailey Titchener','160-664-3603','htitchener6@cnet.com','33085 Meadow Vale Way','Yes',66);
INSERT INTO Customer VALUES (733572,'Dmitri Simmen','228-899-5566','dsimmen1b@hibu.com','505 Gateway Street','No',72);
INSERT INTO Customer VALUES (778711,'Hattie Kevern','564-480-9848','hkevern3@nyu.edu','40 Valley Edge Circle','Yes',44);
INSERT INTO Customer VALUES (830875,'Hendrika Keynes','174-384-6234','hkeyness@businessinsider.com','1 Sommers Way','No',45);
INSERT INTO Customer VALUES (847339,'Brittney Mash','690-401-9216','bmashb@nationalgeographic.com','24753 Walton Trail','Yes',51);
INSERT INTO Customer VALUES (867938,'Ricki Rayner','643-725-5750','rrayner14@alexa.com','956 Loftsgordon Point','Yes',54);
INSERT INTO Customer VALUES (871428,'Elfreda Callander','143-883-7368','ecallandera@gnu.org','8828 Forest Run Avenue','No',80);
INSERT INTO Customer VALUES (872585,'Karilynn Seymour','207-292-0041','kseymour17@blogtalkradio.com','2 East Parkway','Yes',36);
INSERT INTO Customer VALUES (915790,'Erina Neligan','755-787-5609','eneligang@delicious.com','7 Summit Trail','Yes',33);
INSERT INTO Customer VALUES (930301,'Hoebart Guidone','751-282-1295','hguidonef@hubpages.com','78 Thompson Hill','No',66);
INSERT INTO Customer VALUES (950610,'Hilary Pockett','278-453-0517','hpockett12@dailymail.co.uk','3323 International Road','Yes',22);
INSERT INTO Customer VALUES (972654,'Berkly OGlessane','326-742-8192','boglessanen@chicagotribune.com','42236 Clove Plaza','Yes',31);
INSERT INTO Customer VALUES (974101,'Carlo Grimm','786-476-8508','cgrimme@house.gov','601 Upham Center','Yes',42);
INSERT INTO Customer VALUES (979749,'Thalia Raitie','846-557-5060','traitie8@comcast.net','3 Melody Circle','No',39);
INSERT INTO Customer VALUES (981115,'Antonius Freschini','600-340-9348','afreschiniz@behance.net','610 Transport Parkway','Yes',80);
INSERT INTO Customer VALUES (987673,'Bidget Keaton','778-475-2740','bkeaton0@netvibes.com','4134 Jenifer Circle','Yes',56);

INSERT INTO Agents VALUES (6768,'Brunhilda Smyley','bsmyley2@topsy.com','611-265-3125',547082);
INSERT INTO Agents VALUES (13041,'Raddie Basson','rbassona@psu.edu','560-368-3460',300977);
INSERT INTO Agents VALUES (33645,'Worden Rosedale','wrosedalec@over-blog.com','342-776-4301',163238);
INSERT INTO Agents VALUES (52121,'Kaitlin Ruter','kruter3@wikimedia.org','188-177-5814',525745);
INSERT INTO Agents VALUES (69259,'Bonnibelle Manchett','bmanchett9@buzzfeed.com','839-488-0561',552776);
INSERT INTO Agents VALUES (73812,'Bertha Gibbe','bgibbe5@mapquest.com','688-502-8799',820523);
INSERT INTO Agents VALUES (78600,'Veronika Pestricke','vpestrickeb@hhs.gov','832-194-4030',295584);
INSERT INTO Agents VALUES (80340,'Lynnell Pixton','lpixton1@yellowbook.com','297-990-1742',852715);
INSERT INTO Agents VALUES (85926,'Joshuah Devas','jdevas4@google.es','820-918-3141',734363);
INSERT INTO Agents VALUES (92085,'Erinn Minchindon','eminchindon7@theatlantic.com','436-379-1334',318714);
INSERT INTO Agents VALUES (92900,'Rhonda Mayhead','rmayhead8@bloomberg.com','881-274-4756',400885);
INSERT INTO Agents VALUES (95189,'Stefa Cours','scours6@odnoklassniki.ru','882-723-7290',755473);
INSERT INTO Agents VALUES (97444,'Eolanda Tillerton','etillerton0@nydailynews.com','530-528-4376',512292);

INSERT INTO AutoPolicy_detail VALUES (111,'Comprehensive Car Care','Sedan','This policy covers all types of sedans and offers comprehensive protection, including coverage for accidents, theft, natural disasters, and medical expenses.','Active',50000,12,'Auto');
INSERT INTO AutoPolicy_detail VALUES (112,'Off-Road Adventure Shield','SUV','Designed for SUVs and off-road vehicles, this policy provides specialized coverage for damages incurred during off-road adventures, including collisions, rollovers, and towing expenses.','Active',70000,24,'Auto');
INSERT INTO AutoPolicy_detail VALUES (113,'Oriental Motor Plan','Motorbike','Tailored for motorcycles, this policy covers damages resulting from accidents, theft, and third-party liabilities, ensuring the freedom of the open road with peace of mind.','Active',30000,12,'Auto');
INSERT INTO AutoPolicy_detail VALUES (114,'Classic Car Elegance','Vintage Cars','Geared towards vintage and classic cars, this policy offers extensive coverage for restoration costs, market value, and special roadside assistance, preserving the elegance of your cherished automobile.','Inactive',100000,60,'Auto');
INSERT INTO AutoPolicy_detail VALUES (115,'Electric Vehicle EcoShield','Electric Cars','Tailored for electric cars, this policy covers battery damage, charging equipment, and specialized repairs, promoting eco-friendly driving with dedicated insurance support.','Active',60000,24,'Auto');
INSERT INTO AutoPolicy_detail VALUES (116,'Family safety plan','Sedan','This policy emphasizes safety, covering child seat replacements, medical expenses for passengers, and roadside assistance for families on the go.','Active',50000,12,'Auto');
INSERT INTO AutoPolicy_detail VALUES (117,'Luxury Sedan Prestige Coverage','Sedan','Catering to luxury sedans, this policy offers specialized coverage for high-end interiors, technology systems, and concierge services, ensuring that every aspect of your luxury driving experience is protected','Active',100000,24,'Auto');
INSERT INTO AutoPolicy_detail VALUES (118,'SafeDrive','Motorbike','Premium policy offering high coverage limits, including coverage for uninsured motorists and roadside assistance.','Active',100000,24,'Auto');
INSERT INTO AutoPolicy_detail VALUES (119,'Guardian Auto Insurance','Electric Cars','Short-term policy with comprehensive coverage, ideal for temporary needs such as rental cars or seasonal driving.','Inactive',60000,12,'Auto');
INSERT INTO AutoPolicy_detail VALUES (120,'DriveSure Insuranc','SUV','Policy tailored for frequent travelers, offering coverage for rental cars and drivers in multiple states.','Active',80000,12,'Auto');
INSERT INTO AutoPolicy_detail VALUES (121,'Liberty Auto Assurance','Sedan & SUV','Standard coverage for collisions and comprehensive damages, with optional add-ons for enhanced protection.','Active',50000,12,'Auto');
INSERT INTO AutoPolicy_detail VALUES (122,'ABC Plan','Sedan & SUV','Basic coverage for liability and medical expenses, suitable for low-risk drivers.','Inactive',40000,12,'Auto');

INSERT INTO HomePolicy_detail VALUES (100,'HomeShield','Rent and Owned','Comprehensive coverage for the structure of the home, personal belongings, liability protection, and additional living expenses in case of temporary displacement due to covered events.','Active',300000,12,'Home');
INSERT INTO HomePolicy_detail VALUES (101,'SecureHome','Owned','Premium policy offering high coverage limits, including protection against natural disasters, theft, and personal injury liability, with options for custom add-ons.','Active',500000,24,'Home');
INSERT INTO HomePolicy_detail VALUES (102,'SafeHaven Insurance','Rent and Owned','Basic coverage for the homes structure and essential belongings, suitable for homeowners seeking affordable protection against common risks.','Active',250000,12,'Home');
INSERT INTO HomePolicy_detail VALUES (103,'Liberty Home Protection','Owned','Standard policy covering damages from fire, vandalism, and certain natural disasters, along with liability coverage for accidents on the property.','Inactive',400000,12,'Home');
INSERT INTO HomePolicy_detail VALUES (104,'EverGuard Home Insurance','Owned','Long-term coverage with benefits like extended replacement cost, which ensures the home can be rebuilt to its original condition even if construction costs rise.','Active',350000,36,'Home');
INSERT INTO HomePolicy_detail VALUES (105,'Guardian Home Assurance','Rent and Owned','Policy offering protection against various perils, including water damage, mold, and coverage for high-value items like jewelry and artwork.','Active',200000,12,'Home');
INSERT INTO HomePolicy_detail VALUES (106,'National Home Protection','Rent','Short-term policy ideal for renters, offering coverage for personal belongings, liability, and temporary living expenses in case of covered events.','Active',100000,24,'Home');
INSERT INTO HomePolicy_detail VALUES (107,'Reliable Home Insurance','Owned','Policy tailored for homeowners with additional structures on their property, such as detached garages or sheds, providing coverage for both the main home and other structures.','Active',100000,24,'Home');
INSERT INTO HomePolicy_detail VALUES (108,'SmartGuard Home Insurance','Owned','Customizable policy allowing homeowners to choose specific coverage limits and endorsements to protect unique assets and accommodate individual needs.','Inactive',350000,12,'Home');
INSERT INTO HomePolicy_detail VALUES (109,'SafeHome Solutions','Owned','High-value policy with features like identity theft protection, credit card coverage, and coverage for unauthorized transactions due to cybercrime.','Active',555000,12,'Home');
INSERT INTO HomePolicy_detail VALUES (110,'HomeAssure Services','Rent','Policy offering coverage for home systems and appliances, such as HVAC, electrical, and plumbing, providing financial protection against unexpected repair or replacement costs.','Active',400000,12,'Home');
INSERT INTO HomePolicy_detail VALUES (111,'One Home Insurance','Owned','Long-term policy with perks like extended coverage for valuables, home office equipment, and reimbursement for temporary housing and meals during repairs.','Inactive',250000,12,'Home');

INSERT INTO Report_Details VALUES (1,'2023-04-11',4900);
INSERT INTO Report_Details VALUES (2,'2023-10-12',4034);
INSERT INTO Report_Details VALUES (3,'2023-07-30',4697);
INSERT INTO Report_Details VALUES (4,'2023-06-03',3866);
INSERT INTO Report_Details VALUES (5,'2022-11-12',8843);
INSERT INTO Report_Details VALUES (6,'2023-03-30',5203);
INSERT INTO Report_Details VALUES (7,'2023-06-20',3597);
INSERT INTO Report_Details VALUES (8,'2023-09-06',7932);
INSERT INTO Report_Details VALUES (9,'2023-03-07',9240);
INSERT INTO Report_Details VALUES (10,'2023-03-12',8678);
INSERT INTO Report_Details VALUES (11,'2023-04-02',2970);
INSERT INTO Report_Details VALUES (12,'2023-08-18',5651);
INSERT INTO Report_Details VALUES (13,'2023-01-10',2433);
INSERT INTO Report_Details VALUES (14,'2023-02-01',7481);
INSERT INTO Report_Details VALUES (15,'2023-10-13',9606);
INSERT INTO Report_Details VALUES (16,'2023-01-02',4016);
INSERT INTO Report_Details VALUES (17,'2023-03-25',3825);
INSERT INTO Report_Details VALUES (18,'2022-12-15',5752);
INSERT INTO Report_Details VALUES (19,'2023-05-10',1536);
INSERT INTO Report_Details VALUES (20,'2023-09-18',2185);
INSERT INTO Report_Details VALUES (21,'2023-08-19',4878);
INSERT INTO Report_Details VALUES (22,'2023-09-09',7132);
INSERT INTO Report_Details VALUES (23,'2023-09-29',7753);
INSERT INTO Report_Details VALUES (24,'2023-06-07',9326);
INSERT INTO Report_Details VALUES (25,'2022-12-26',5812);
INSERT INTO Report_Details VALUES (26,'2023-01-18',7734);
INSERT INTO Report_Details VALUES (27,'2023-08-04',6483);
INSERT INTO Report_Details VALUES (28,'2023-08-26',3024);
INSERT INTO Report_Details VALUES (29,'2023-06-27',2968);
INSERT INTO Report_Details VALUES (30,'2023-03-08',8971);

INSERT INTO Finance_details VALUES (224487837, 987673, '6247488842', 19114.12, 'Chase', 'Good');
INSERT INTO Finance_details VALUES (477905881, 352841, '8017327721', 34847.84, 'Wells Fargo', 'Good');
INSERT INTO Finance_details VALUES (331605414, 554593, '1463973416', 143162.64, 'Bank of America', 'Good');
INSERT INTO Finance_details VALUES (180887800, 778711, '6120588712', 30689.89, 'Citigroup', 'Good');
INSERT INTO Finance_details VALUES (853171579, 78932, '6663340180', 4148862.0, 'TD Bank', 'Good');
INSERT INTO Finance_details VALUES (101113105, 319355, '1590610819', 35547.71, 'Chase', 'Standard');
INSERT INTO Finance_details VALUES (716354628, 719439, '7489280966', 73928.46, 'Wells Fargo', 'Standard');
INSERT INTO Finance_details VALUES (908690212, 538409, '3385123187', 131313.4, 'Bank of America', 'Standard');
INSERT INTO Finance_details VALUES (744117914, 979749, '7821448415', 34081.38, 'Citigroup', 'Good');
INSERT INTO Finance_details VALUES (423776457, 640537, '4070604401', 114838.41, 'TD Bank', 'Good');
INSERT INTO Finance_details VALUES (507344117, 871428, '1293729161', 31370.8, 'Chase', 'Good');
INSERT INTO Finance_details VALUES (794174490, 847339, '1405124237', 33751.27, 'Wells Fargo', 'Good');
INSERT INTO Finance_details VALUES (226770587, 94613, '3433461290', 88640.24, 'Bank of America', 'Good');
INSERT INTO Finance_details VALUES (389894542, 628418, '8594077125', 54392.16, 'Citigroup', 'Bad');
INSERT INTO Finance_details VALUES (761113016, 974101, '4373764648', 8701.545, 'TD Bank', 'Bad');
INSERT INTO Finance_details VALUES (147766929, 930301, '5062457584', 25546.26, 'Chase', 'Bad');
INSERT INTO Finance_details VALUES (878906321, 915790, '2633498674', 31993.78, 'Wells Fargo', 'Standard');
INSERT INTO Finance_details VALUES (616368188, 389080, '2607184695', 92047.08, 'Bank of America', 'Standard');
INSERT INTO Finance_details VALUES (496445947, 336850, '4738448888', 92047.08, 'Citigroup', 'Standard');
INSERT INTO Finance_details VALUES (405467599, 176254, '5316421672', 32284.62, 'TD Bank', 'Good');
INSERT INTO Finance_details VALUES (755180308, 638484, '5110480157', 97791.42, 'Chase', 'Good');
INSERT INTO Finance_details VALUES (547237195, 621200, '8889194720', 19300.34, 'Wells Fargo', 'Bad');
INSERT INTO Finance_details VALUES (486071289, 555849, '8404188141', 19514.88, 'Bank of America', 'Bad');
INSERT INTO Finance_details VALUES (605639678, 972654, '3995617909', 10183.015, 'Citigroup', 'Bad');
INSERT INTO Finance_details VALUES (558251337, 492977, '2005036558', 10183.015, 'TD Bank', 'Good');
INSERT INTO Finance_details VALUES (813918749, 77471, '6239350355', 106733.13, 'Chase', 'Good');
INSERT INTO Finance_details VALUES (308388791, 289060, '8898570629', 12600.445, 'Wells Fargo', 'Good');
INSERT INTO Finance_details VALUES (925441671, 166248, '4674612116', 57983.12, 'Bank of America', 'Bad');
INSERT INTO Finance_details VALUES (548039919, 830875, '3497327023', 20787.69, 'Citigroup', 'Bad');
INSERT INTO Finance_details VALUES (251770979, 591642, '9144957778', 34290.12, 'TD Bank', 'Bad');
INSERT INTO Finance_details VALUES (898940497, 293654, '7482284503', 43070.24, 'Chase', 'Standard');
INSERT INTO Finance_details VALUES (992492793, 532909, '7884101536', 28572.39, 'Wells Fargo', 'Good');
INSERT INTO Finance_details VALUES (352674436, 109075, '4450371309', 39641.54, 'Bank of America', 'Good');
INSERT INTO Finance_details VALUES (204142702, 174408, '7788575072', 20186.02, 'Citigroup', 'Good');
INSERT INTO Finance_details VALUES (755517133, 632251, '9174445104', 18627.64, 'TD Bank', 'Standard');
INSERT INTO Finance_details VALUES (837455178, 981115, '6144703129', 12986.745, 'Chase', 'Standard');
INSERT INTO Finance_details VALUES (074216507, 58082, '6668080649', 58317.0, 'Wells Fargo', 'Good');
INSERT INTO Finance_details VALUES (772589547, 499661, '1702237609', 42171.98, 'Bank of America', 'Standard');
INSERT INTO Finance_details VALUES (835416871, 950610, '7899232129', 71681.4, 'Citigroup', 'Standard');
INSERT INTO Finance_details VALUES (330960638, 358893, '8296876239', 71681.4, 'TD Bank', 'Standard');
INSERT INTO Finance_details VALUES (397455329, 867938, '6898823636', 29469.98, 'Chase', 'Standard');
INSERT INTO Finance_details VALUES (212322085, 114971, '1631204329', 29469.98, 'Wells Fargo', 'Good');
INSERT INTO Finance_details VALUES (087226137, 365390, '5461846948', 72559.36, 'Bank of America', 'Standard');
INSERT INTO Finance_details VALUES (062293192, 872585, '3442289093', 15566.02, 'Citigroup', 'Good');
INSERT INTO Finance_details VALUES (727409990, 144402, '6158965543', 66567.32, 'TD Bank', 'Good');
INSERT INTO Finance_details VALUES (016732103, 345273, '5264379216', 12909.895, 'Chase', 'Good');
INSERT INTO Finance_details VALUES (198089791, 415216, '3321119986', 20601508.0, 'Wells Fargo', 'Good');
INSERT INTO Finance_details VALUES (518012262, 733572, '3546730823', 30788.44, 'Bank of America', 'Standard');
INSERT INTO Finance_details VALUES (465939571, 74341, '2475885785', 30788.44, 'Citigroup', 'Standard');
INSERT INTO Finance_details VALUES (860361556, 249650, '1238315826', 20574.47, 'TD Bank', 'Standard');

INSERT INTO Loan VALUES ('LP001015','Home',30,110000.0,987673);
INSERT INTO Loan VALUES ('LP001022','Vehicle',30,126000.0,987673);
INSERT INTO Loan VALUES ('LP001031','Home',30,208000.0,352841);
INSERT INTO Loan VALUES ('LP001035','Home',30,100000.0,554593);
INSERT INTO Loan VALUES ('LP001051','Home',30,78000.0,554593);
INSERT INTO Loan VALUES ('LP001054','Home',30,152000.0,554593);
INSERT INTO Loan VALUES ('LP001055','Home',30,59000.0,778711);
INSERT INTO Loan VALUES ('LP001056','Vehicle',30,147000.0,78932);
INSERT INTO Loan VALUES ('LP001059','Home',20,280000.0,319355);
INSERT INTO Loan VALUES ('LP001067','Home',30,123000.0,719439);
INSERT INTO Loan VALUES ('LP001078','Vehicle',30,90000.0,538409);
INSERT INTO Loan VALUES ('LP001082','Home',30,162000.0,538409);
INSERT INTO Loan VALUES ('LP001083','Home',15,40000.0,979749);
INSERT INTO Loan VALUES ('LP001094','Vehicle',30,166000.0,979749);
INSERT INTO Loan VALUES ('LP001096','Vehicle',30,124000.0,979749);
INSERT INTO Loan VALUES ('LP001099','Vehicle',30,131000.0,640537);
INSERT INTO Loan VALUES ('LP001105','Vehicle',30,200000.0,94613);
INSERT INTO Loan VALUES ('LP001107','Vehicle',30,126000.0,628418);
INSERT INTO Loan VALUES ('LP001108','Vehicle',30,300000.0,974101);
INSERT INTO Loan VALUES ('LP001115','Vehicle',15,100000.0,930301);
INSERT INTO Loan VALUES ('LP001121','Home',30,48000.0,176254);
INSERT INTO Loan VALUES ('LP001124','Home',15,28000.0,176254);
INSERT INTO Loan VALUES ('LP001128','Home',30,101000.0,176254);
INSERT INTO Loan VALUES ('LP001135','Home',30,125000.0,555849);
INSERT INTO Loan VALUES ('LP001149','Home',30,290000.0,555849);
INSERT INTO Loan VALUES ('LP001153','Home',30,148000.0,289060);
INSERT INTO Loan VALUES ('LP001163','Home',30,140000.0,166248);
INSERT INTO Loan VALUES ('LP001169','Home',30,275000.0,830875);
INSERT INTO Loan VALUES ('LP001174','Vehicle',30,57000.0,591642);
INSERT INTO Loan VALUES ('LP001176','Vehicle',15,125000.0,293654);
INSERT INTO Loan VALUES ('LP001177','Home',30,75000.0,58082);
INSERT INTO Loan VALUES ('LP001183','Home',30,192000.0,58082);
INSERT INTO Loan VALUES ('LP001185','Home',30,152000.0,950610);
INSERT INTO Loan VALUES ('LP001187','Home',30,158000.0,358893);
INSERT INTO Loan VALUES ('LP001190','Home',30,101000.0,114971);
INSERT INTO Loan VALUES ('LP001203','Vehicle',30,176000.0,114971);
INSERT INTO Loan VALUES ('LP001208','Vehicle',15,185000.0,114971);
INSERT INTO Loan VALUES ('LP001210','Vehicle',30,90000.0,365390);
INSERT INTO Loan VALUES ('LP001211','Vehicle',30,116000.0,872585);
INSERT INTO Loan VALUES ('LP001219','Vehicle',30,138000.0,144402);
INSERT INTO Loan VALUES ('LP001220','Home',30,100000.0,733572);
INSERT INTO Loan VALUES ('LP001221','Home',30,110000.0,733572);
INSERT INTO Loan VALUES ('LP001226','Home',30,90000.0,733572);
INSERT INTO Loan VALUES ('LP001230','Home',30,200000.0,249650);
INSERT INTO Loan VALUES ('LP001231','Home',30,84000.0,249650);
INSERT INTO Loan VALUES ('LP001232','Home',0,185000.0,249650);
INSERT INTO Loan VALUES ('LP001237','Home',30,162000.0,249650);
INSERT INTO Loan VALUES ('LP001242','Home',30,108000.0,499661);
INSERT INTO Loan VALUES ('LP001268','Home',0,187000.0,499661);
INSERT INTO Loan VALUES ('LP001270','Home',30,187000.0,638484);
INSERT INTO Loan VALUES ('LP001284','Home',30,124000.0,621200);
INSERT INTO Loan VALUES ('LP001287','Home',30,120000.0,621200);
INSERT INTO Loan VALUES ('LP001291','Home',30,160000.0,621200);
INSERT INTO Loan VALUES ('LP001298','Home',15,30000.0,847339);
INSERT INTO Loan VALUES ('LP001312','Vehicle',30,92000.0,847339);

INSERT INTO Policy_Holder VALUES (1,492977,106,120,'Active','2022-06-22 00:00:00','2022-10-29 00:00:00', '2023-05-27 00:00:00','Yes',13041);
INSERT INTO Policy_Holder VALUES (2,176254,107,116,'Active','2022-02-19 00:00:00','2022-10-29 00:00:00', '2023-02-09 00:00:00','Yes',6768);
INSERT INTO Policy_Holder VALUES (3,345273,101,122,'Inactive','2022-06-26 00:00:00','2022-08-18 00:00:00', '2023-04-27 00:00:00','Yes',85926);
INSERT INTO Policy_Holder VALUES (4,981115,102,117,'Active','2022-06-16 00:00:00','2022-07-25 00:00:00', '2023-02-06 00:00:00','No',69259);
INSERT INTO Policy_Holder VALUES (5,109075,100,116,'Inactive','2022-03-14 00:00:00','2022-08-13 00:00:00', '2023-03-13 00:00:00','Yes',85926);
INSERT INTO Policy_Holder VALUES (6,319355,104,111,'Inactive','2022-06-05 00:00:00','2022-11-23 00:00:00', '2023-04-28 00:00:00','No',52121);
INSERT INTO Policy_Holder VALUES (7,492977,101,111,'Active','2022-02-04 00:00:00','2022-08-03 00:00:00', '2023-04-05 00:00:00','Yes',92900);
INSERT INTO Policy_Holder VALUES (8,847339,110,112,'Active','2022-04-06 00:00:00','2022-07-15 00:00:00', '2023-04-11 00:00:00','Yes',73812);
INSERT INTO Policy_Holder VALUES (9,638484,108,114,'Inactive','2022-03-15 00:00:00','2022-11-06 00:00:00', '2023-06-09 00:00:00','Yes',52121);
INSERT INTO Policy_Holder VALUES (10,830875,100,122,'Inactive','2022-01-10 00:00:00','2022-09-01 00:00:00', '2023-03-17 00:00:00','Yes',92900);
INSERT INTO Policy_Holder VALUES (11,352841,110,120,'Inactive','2022-03-23 00:00:00','2022-10-18 00:00:00', '2023-01-01 00:00:00','No',80340);
INSERT INTO Policy_Holder VALUES (12,632251,110,116,'Active','2022-01-07 00:00:00','2022-09-22 00:00:00', '2023-04-12 00:00:00','No',13041);
INSERT INTO Policy_Holder VALUES (13,640537,108,122,'Inactive','2022-06-21 00:00:00','2022-07-05 00:00:00', '2023-03-07 00:00:00','No',33645);
INSERT INTO Policy_Holder VALUES (14,492977,102,121,'Inactive','2022-02-12 00:00:00','2022-09-09 00:00:00', '2023-05-01 00:00:00','Yes',92085);
INSERT INTO Policy_Holder VALUES (15,733572,107,113,'Active','2022-03-18 00:00:00','2022-12-24 00:00:00', '2023-05-14 00:00:00','Yes',78600);
INSERT INTO Policy_Holder VALUES (16,638484,107,114,'Active','2022-01-11 00:00:00','2022-09-25 00:00:00', '2023-06-12 00:00:00','Yes',78600);
INSERT INTO Policy_Holder VALUES (17,336850,111,122,'Active','2022-01-23 00:00:00','2022-12-11 00:00:00', '2023-01-25 00:00:00','Yes',13041);
INSERT INTO Policy_Holder VALUES (18,532909,109,115,'Inactive','2022-06-24 00:00:00','2022-11-20 00:00:00', '2023-05-07 00:00:00','Yes',85926);
INSERT INTO Policy_Holder VALUES (19,336850,106,116,'Active','2022-04-15 00:00:00','2022-07-29 00:00:00', '2023-04-21 00:00:00','Yes',52121);
INSERT INTO Policy_Holder VALUES (20,830875,106,119,'Active','2022-01-11 00:00:00','2022-08-25 00:00:00', '2023-01-03 00:00:00','No',92085);
INSERT INTO Policy_Holder VALUES (21,74341,100,122,'Active','2022-04-24 00:00:00','2022-09-12 00:00:00', '2023-02-09 00:00:00','No',92085);
INSERT INTO Policy_Holder VALUES (22,872585,104,120,'Active','2022-06-01 00:00:00','2022-07-02 00:00:00', '2023-06-21 00:00:00','No',92900);
INSERT INTO Policy_Holder VALUES (23,345273,111,115,'Inactive','2022-02-18 00:00:00','2022-11-05 00:00:00', '2023-02-06 00:00:00','Yes',78600);
INSERT INTO Policy_Holder VALUES (24,719439,100,120,'Active','2022-06-20 00:00:00','2022-12-27 00:00:00', '2023-03-04 00:00:00','Yes',97444);
INSERT INTO Policy_Holder VALUES (25,389080,110,118,'Active','2022-06-23 00:00:00','2022-08-20 00:00:00', '2023-01-30 00:00:00','No',33645);
INSERT INTO Policy_Holder VALUES (26,176254,107,119,'Active','2022-04-13 00:00:00','2022-08-09 00:00:00', '2023-06-08 00:00:00','No',92085);
INSERT INTO Policy_Holder VALUES (27,950610,105,118,'Active','2022-01-21 00:00:00','2022-10-21 00:00:00', '2023-06-21 00:00:00','No',85926);
INSERT INTO Policy_Holder VALUES (28,979749,104,119,'Active','2022-05-12 00:00:00','2022-12-24 00:00:00', '2023-05-26 00:00:00','No',92085);
INSERT INTO Policy_Holder VALUES (29,867938,108,120,'Inactive','2022-01-21 00:00:00','2022-08-10 00:00:00', '2023-05-05 00:00:00','No',69259);
INSERT INTO Policy_Holder VALUES (30,492977,102,113,'Inactive','2022-06-11 00:00:00','2022-10-07 00:00:00', '2023-02-20 00:00:00','Yes',80340);
INSERT INTO Policy_Holder VALUES (31,319355,100,120,'Active','2022-03-26 00:00:00','2022-08-03 00:00:00', '2023-06-04 00:00:00','No',6768);
INSERT INTO Policy_Holder VALUES (32,365390,106,121,'Active','2022-03-20 00:00:00','2022-07-02 00:00:00', '2023-01-28 00:00:00','Yes',95189);
INSERT INTO Policy_Holder VALUES (33,109075,108,114,'Active','2022-02-10 00:00:00','2022-09-18 00:00:00', '2023-03-30 00:00:00','No',73812);
INSERT INTO Policy_Holder VALUES (34,871428,105,114,'Active','2022-05-26 00:00:00','2022-09-30 00:00:00', '2023-01-18 00:00:00','No',92085);
INSERT INTO Policy_Holder VALUES (35,555849,103,112,'Inactive','2022-01-16 00:00:00','2022-12-30 00:00:00', '2023-01-12 00:00:00','Yes',92085);
INSERT INTO Policy_Holder VALUES (36,319355,103,119,'Active','2022-05-13 00:00:00','2022-10-26 00:00:00', '2023-04-23 00:00:00','No',33645);
INSERT INTO Policy_Holder VALUES (37,638484,110,116,'Inactive','2022-06-30 00:00:00','2022-12-19 00:00:00', '2023-02-15 00:00:00','Yes',73812);
INSERT INTO Policy_Holder VALUES (38,77471,105,112,'Inactive','2022-01-12 00:00:00','2022-12-07 00:00:00', '2023-03-16 00:00:00','Yes',92900);
INSERT INTO Policy_Holder VALUES (39,554593,103,121,'Active','2022-05-02 00:00:00','2022-10-27 00:00:00', '2023-04-18 00:00:00','Yes',33645);
INSERT INTO Policy_Holder VALUES (40,719439,100,121,'Inactive','2022-02-04 00:00:00','2022-10-15 00:00:00', '2023-02-18 00:00:00','No',85926);
INSERT INTO Policy_Holder VALUES (41,847339,101,111,'Active','2022-06-06 00:00:00','2022-12-01 00:00:00', '2023-01-05 00:00:00','No',13041);
INSERT INTO Policy_Holder VALUES (42,144402,101,113,'Inactive','2022-01-15 00:00:00','2022-07-12 00:00:00', '2023-05-17 00:00:00','Yes',73812);
INSERT INTO Policy_Holder VALUES (43,719439,106,122,'Inactive','2022-06-16 00:00:00','2022-07-13 00:00:00', '2023-06-22 00:00:00','No',73812);
INSERT INTO Policy_Holder VALUES (44,345273,108,115,'Inactive','2022-04-04 00:00:00','2022-09-11 00:00:00', '2023-06-19 00:00:00','Yes',80340);
INSERT INTO Policy_Holder VALUES (45,365390,111,115,'Active','2022-03-11 00:00:00','2022-12-25 00:00:00', '2023-03-06 00:00:00','No',69259);
INSERT INTO Policy_Holder VALUES (46,336850,102,122,'Inactive','2022-02-16 00:00:00','2022-08-25 00:00:00', '2023-02-20 00:00:00','Yes',95189);
INSERT INTO Policy_Holder VALUES (47,972654,104,113,'Inactive','2022-05-07 00:00:00','2022-07-18 00:00:00', '2023-04-06 00:00:00','Yes',6768);
INSERT INTO Policy_Holder VALUES (48,58082,110,111,'Active','2022-01-18 00:00:00','2022-09-02 00:00:00', '2023-01-18 00:00:00','Yes',95189);
INSERT INTO Policy_Holder VALUES (49,166248,106,113,'Inactive','2022-02-16 00:00:00','2022-08-07 00:00:00', '2023-06-21 00:00:00','Yes',33645);
INSERT INTO Policy_Holder VALUES (50,847339,109,119,'Inactive','2022-03-02 00:00:00','2022-07-29 00:00:00', '2023-02-05 00:00:00','No',80340);

INSERT INTO Vehicle_Details VALUES (1,'Two Wheeler','Vehicle_1','Honda',7,'No damage',2,42,'LP001135');
INSERT INTO Vehicle_Details VALUES (2,'Two Wheeler','Vehicle_2','Lincoln',7,'Some damage',2,37,'LP001177');
INSERT INTO Vehicle_Details VALUES (3,'Two Wheeler','Vehicle_3','Lincoln',5,'No damage',2,41,'LP001219');
INSERT INTO Vehicle_Details VALUES (4,'Two Wheeler','Vehicle_4','Lamborghini',4,'Some damage',1,34,'LP001059');
INSERT INTO Vehicle_Details VALUES (5,'Four Wheeler','Vehicle_5','Lincoln',7,'Some damage',2,38,'LP001094');
INSERT INTO Vehicle_Details VALUES (6,'Two Wheeler','Vehicle_6','Maruti',2,'No damage',3,28,'LP001135');
INSERT INTO Vehicle_Details VALUES (7,'Two Wheeler','Vehicle_7','Toyota',2,'High damage',1,34,'LP001082');
INSERT INTO Vehicle_Details VALUES (8,'Four Wheeler','Vehicle_8','Maruti',1,'High damage',1,12,'LP001121');
INSERT INTO Vehicle_Details VALUES (9,'Two Wheeler','Vehicle_9','Kia',1,'High damage',2,42,'LP001231');
INSERT INTO Vehicle_Details VALUES (10,'Two Wheeler','Vehicle_10','Lincoln',3,'High damage',3,26,'LP001211');
INSERT INTO Vehicle_Details VALUES (11,'Four Wheeler','Vehicle_11','Mazda',6,'High damage',2,28,'LP001211');
INSERT INTO Vehicle_Details VALUES (12,'Four Wheeler','Vehicle_12','Audi',5,'High damage',1,16,'LP001035');
INSERT INTO Vehicle_Details VALUES (13,'Four Wheeler','Vehicle_13','Kia',7,'Some damage',2,33,'LP001312');
INSERT INTO Vehicle_Details VALUES (14,'Four Wheeler','Vehicle_14','Toyota',6,'Some damage',1,6,'LP001135');
INSERT INTO Vehicle_Details VALUES (15,'Two Wheeler','Vehicle_15','Bentley',3,'Some damage',2,48,'LP001220');
INSERT INTO Vehicle_Details VALUES (16,'Four Wheeler','Vehicle_16','Toyota',2,'No damage',1,25,'LP001121');
INSERT INTO Vehicle_Details VALUES (17,'Two Wheeler','Vehicle_17','BMW',4,'Some damage',2,39,'LP001190');
INSERT INTO Vehicle_Details VALUES (18,'Four Wheeler','Vehicle_18','Lamborghini',6,'No damage',2,28,'LP001291');
INSERT INTO Vehicle_Details VALUES (19,'Two Wheeler','Vehicle_19','Mercedes',7,'No damage',1,39,'LP001121');
INSERT INTO Vehicle_Details VALUES (20,'Four Wheeler','Vehicle_20','BMW',2,'High damage',3,13,'LP001221');
INSERT INTO Vehicle_Details VALUES (21,'Two Wheeler','Vehicle_21','Kia',3,'Some damage',1,15,'LP001015');
INSERT INTO Vehicle_Details VALUES (22,'Two Wheeler','Vehicle_22','Lamborghini',4,'High damage',1,16,'LP001219');
INSERT INTO Vehicle_Details VALUES (23,'Four Wheeler','Vehicle_23','Tata',4,'High damage',1,41,'LP001078');
INSERT INTO Vehicle_Details VALUES (24,'Two Wheeler','Vehicle_24','Ford',6,'High damage',2,15,'LP001268');
INSERT INTO Vehicle_Details VALUES (25,'Two Wheeler','Vehicle_25','Maruti',2,'High damage',3,12,'LP001022');
INSERT INTO Vehicle_Details VALUES (26,'Two Wheeler','Vehicle_26','Mercedes',1,'High damage',2,32,'LP001054');
INSERT INTO Vehicle_Details VALUES (27,'Four Wheeler','Vehicle_27','Lamborghini',1,'No damage',3,28,'LP001291');
INSERT INTO Vehicle_Details VALUES (28,'Two Wheeler','Vehicle_28','Mercedes',7,'High damage',1,13,'LP001035');
INSERT INTO Vehicle_Details VALUES (29,'Two Wheeler','Vehicle_29','Kia',1,'High damage',1,33,'LP001174');
INSERT INTO Vehicle_Details VALUES (30,'Two Wheeler','Vehicle_30','Kia',7,'Some damage',2,2,'LP001268');
INSERT INTO Vehicle_Details VALUES (31,'Two Wheeler','Vehicle_31','Mercedes',4,'Some damage',2,36,'LP001270');
INSERT INTO Vehicle_Details VALUES (32,'Two Wheeler','Vehicle_32','Lamborghini',3,'High damage',2,26,'LP001208');
INSERT INTO Vehicle_Details VALUES (33,'Four Wheeler','Vehicle_33','Toyota',6,'High damage',2,19,'LP001128');
INSERT INTO Vehicle_Details VALUES (34,'Two Wheeler','Vehicle_34','Honda',3,'No damage',2,42,'LP001231');
INSERT INTO Vehicle_Details VALUES (35,'Four Wheeler','Vehicle_35','Lamborghini',2,'High damage',1,47,'LP001190');
INSERT INTO Vehicle_Details VALUES (36,'Four Wheeler','Vehicle_36','Maruti',5,'Some damage',3,29,'LP001242');
INSERT INTO Vehicle_Details VALUES (37,'Four Wheeler','Vehicle_37','Mustang',4,'Some damage',3,38,'LP001211');
INSERT INTO Vehicle_Details VALUES (38,'Four Wheeler','Vehicle_38','Bentley',4,'No damage',1,6,'LP001220');
INSERT INTO Vehicle_Details VALUES (39,'Four Wheeler','Vehicle_39','Toyota',6,'High damage',2,38,'LP001078');
INSERT INTO Vehicle_Details VALUES (40,'Two Wheeler','Vehicle_40','Toyota',4,'High damage',1,41,'LP001291');
INSERT INTO Vehicle_Details VALUES (41,'Four Wheeler','Vehicle_41','Lincoln',1,'No damage',3,15,'LP001287');
INSERT INTO Vehicle_Details VALUES (42,'Four Wheeler','Vehicle_42','BMW',2,'High damage',2,16,'LP001284');
INSERT INTO Vehicle_Details VALUES (43,'Two Wheeler','Vehicle_43','Honda',3,'Some damage',1,11,'LP001287');
INSERT INTO Vehicle_Details VALUES (44,'Four Wheeler','Vehicle_44','Maruti',7,'No damage',1,36,'LP001232');
INSERT INTO Vehicle_Details VALUES (45,'Four Wheeler','Vehicle_45','Ford',4,'No damage',1,22,'LP001035');
INSERT INTO Vehicle_Details VALUES (46,'Two Wheeler','Vehicle_46','Mustang',2,'No damage',3,35,'LP001015');
INSERT INTO Vehicle_Details VALUES (47,'Two Wheeler','Vehicle_47','Kia',7,'Some damage',1,45,'LP001232');
INSERT INTO Vehicle_Details VALUES (48,'Two Wheeler','Vehicle_48','Mustang',7,'No damage',3,45,'LP001208');
INSERT INTO Vehicle_Details VALUES (49,'Four Wheeler','Vehicle_49','Toyota',2,'No damage',1,46,'LP001230');
INSERT INTO Vehicle_Details VALUES (50,'Two Wheeler','Vehicle_50','Audi',4,'Some damage',2,8,'LP001232');
INSERT INTO Vehicle_Details VALUES (51,'Four Wheeler','Vehicle_51','Mustang',7,'High damage',1,9,'LP001287');
INSERT INTO Vehicle_Details VALUES (52,'Two Wheeler','Vehicle_52','Lincoln',7,'Some damage',2,26,'LP001208');
INSERT INTO Vehicle_Details VALUES (53,'Four Wheeler','Vehicle_53','Ford',4,'High damage',2,4,'LP001083');
INSERT INTO Vehicle_Details VALUES (54,'Two Wheeler','Vehicle_54','Lamborghini',2,'No damage',2,15,'LP001219');
INSERT INTO Vehicle_Details VALUES (55,'Two Wheeler','Vehicle_55','Honda',2,'Some damage',2,44,'LP001177');
INSERT INTO Vehicle_Details VALUES (56,'Two Wheeler','Vehicle_56','Kia',2,'No damage',2,29,'LP001176');
INSERT INTO Vehicle_Details VALUES (57,'Four Wheeler','Vehicle_57','Audi',2,'No damage',3,49,'LP001149');
INSERT INTO Vehicle_Details VALUES (58,'Two Wheeler','Vehicle_58','Kia',3,'No damage',2,9,'LP001287');
INSERT INTO Vehicle_Details VALUES (59,'Two Wheeler','Vehicle_59','Honda',2,'No damage',1,37,'LP001237');
INSERT INTO Vehicle_Details VALUES (60,'Four Wheeler','Vehicle_60','Audi',1,'High damage',1,26,'LP001211');
INSERT INTO Vehicle_Details VALUES (61,'Two Wheeler','Vehicle_61','Mustang',2,'High damage',3,40,'LP001128');
INSERT INTO Vehicle_Details VALUES (62,'Four Wheeler','Vehicle_62','Lamborghini',4,'No damage',2,26,'LP001230');
INSERT INTO Vehicle_Details VALUES (63,'Four Wheeler','Vehicle_63','Audi',4,'No damage',2,19,'LP001219');
INSERT INTO Vehicle_Details VALUES (64,'Four Wheeler','Vehicle_64','Kia',4,'High damage',1,36,'LP001108');
INSERT INTO Vehicle_Details VALUES (65,'Four Wheeler','Vehicle_65','Mustang',2,'High damage',1,9,'LP001108');
INSERT INTO Vehicle_Details VALUES (66,'Two Wheeler','Vehicle_66','Bentley',2,'High damage',2,19,'LP001124');
INSERT INTO Vehicle_Details VALUES (67,'Four Wheeler','Vehicle_67','Mustang',4,'High damage',3,6,'LP001219');
INSERT INTO Vehicle_Details VALUES (68,'Four Wheeler','Vehicle_68','Lamborghini',6,'No damage',2,45,'LP001284');
INSERT INTO Vehicle_Details VALUES (69,'Four Wheeler','Vehicle_69','Maruti',2,'Some damage',2,48,'LP001056');
INSERT INTO Vehicle_Details VALUES (70,'Four Wheeler','Vehicle_70','Tata',7,'No damage',1,13,'LP001177');
INSERT INTO Vehicle_Details VALUES (71,'Four Wheeler','Vehicle_71','Toyota',7,'No damage',1,27,'LP001232');
INSERT INTO Vehicle_Details VALUES (72,'Four Wheeler','Vehicle_72','Mercedes',5,'Some damage',2,16,'LP001082');
INSERT INTO Vehicle_Details VALUES (73,'Two Wheeler','Vehicle_73','Toyota',5,'High damage',2,47,'LP001203');
INSERT INTO Vehicle_Details VALUES (74,'Four Wheeler','Vehicle_74','Toyota',6,'High damage',3,5,'LP001153');
INSERT INTO Vehicle_Details VALUES (75,'Two Wheeler','Vehicle_75','Lincoln',4,'High damage',3,12,'LP001051');
INSERT INTO Vehicle_Details VALUES (76,'Four Wheeler','Vehicle_76','Mustang',5,'High damage',3,32,'LP001124');
INSERT INTO Vehicle_Details VALUES (77,'Four Wheeler','Vehicle_77','Ford',6,'No damage',2,26,'LP001094');
INSERT INTO Vehicle_Details VALUES (78,'Two Wheeler','Vehicle_78','Bentley',4,'High damage',2,9,'LP001121');
INSERT INTO Vehicle_Details VALUES (79,'Four Wheeler','Vehicle_79','Tata',6,'Some damage',3,26,'LP001270');
INSERT INTO Vehicle_Details VALUES (80,'Four Wheeler','Vehicle_80','Maruti',6,'Some damage',2,28,'LP001067');
INSERT INTO Vehicle_Details VALUES (81,'Four Wheeler','Vehicle_81','Mazda',1,'High damage',2,8,'LP001287');
INSERT INTO Vehicle_Details VALUES (82,'Two Wheeler','Vehicle_82','Lamborghini',6,'No damage',3,47,'LP001054');
INSERT INTO Vehicle_Details VALUES (83,'Two Wheeler','Vehicle_83','Maruti',3,'No damage',2,46,'LP001220');
INSERT INTO Vehicle_Details VALUES (84,'Four Wheeler','Vehicle_84','Honda',5,'Some damage',1,39,'LP001149');
INSERT INTO Vehicle_Details VALUES (85,'Two Wheeler','Vehicle_85','Audi',6,'No damage',2,12,'LP001055');
INSERT INTO Vehicle_Details VALUES (86,'Two Wheeler','Vehicle_86','Lamborghini',1,'No damage',1,10,'LP001051');
INSERT INTO Vehicle_Details VALUES (87,'Two Wheeler','Vehicle_87','Mercedes',2,'High damage',2,6,'LP001291');
INSERT INTO Vehicle_Details VALUES (88,'Four Wheeler','Vehicle_88','Bentley',4,'No damage',2,18,'LP001291');
INSERT INTO Vehicle_Details VALUES (89,'Two Wheeler','Vehicle_89','Mustang',6,'No damage',2,40,'LP001055');
INSERT INTO Vehicle_Details VALUES (90,'Two Wheeler','Vehicle_90','Bentley',5,'No damage',1,21,'LP001078');
INSERT INTO Vehicle_Details VALUES (91,'Four Wheeler','Vehicle_91','Toyota',7,'High damage',3,46,'LP001105');
INSERT INTO Vehicle_Details VALUES (92,'Four Wheeler','Vehicle_92','Honda',4,'High damage',3,25,'LP001153');
INSERT INTO Vehicle_Details VALUES (93,'Four Wheeler','Vehicle_93','Mercedes',7,'No damage',2,8,'LP001108');
INSERT INTO Vehicle_Details VALUES (94,'Four Wheeler','Vehicle_94','Maruti',2,'High damage',3,8,'LP001190');
INSERT INTO Vehicle_Details VALUES (95,'Four Wheeler','Vehicle_95','Mazda',7,'Some damage',3,16,'LP001221');
INSERT INTO Vehicle_Details VALUES (96,'Two Wheeler','Vehicle_96','Lincoln',5,'No damage',2,4,'LP001163');
INSERT INTO Vehicle_Details VALUES (97,'Four Wheeler','Vehicle_97','Toyota',1,'No damage',1,49,'LP001128');
INSERT INTO Vehicle_Details VALUES (98,'Four Wheeler','Vehicle_98','BMW',4,'High damage',3,25,'LP001083');
INSERT INTO Vehicle_Details VALUES (99,'Two Wheeler','Vehicle_99','Mazda',7,'High damage',2,4,'LP001015');
INSERT INTO Vehicle_Details VALUES (100,'Two Wheeler','Vehicle_100','Mercedes',2,'High damage',1,41,'LP001185');

INSERT INTO Home_Details VALUES (1111, '3009 Danielle Center Suite 308 North Jenniferland, ID 76511', 40.0, 'Old', 385949, 18, 7, 'LP001226');
INSERT INTO Home_Details VALUES (1112, '748 Castillo Divide Suite 510 Lake Kristybury, MH 32946', 42.0, 'New', 184066, 2, 48, 'LP001287');
INSERT INTO Home_Details VALUES (1113, '001 Morgan Views Apt. 731 New Kimberlychester, MT 37668', 45.0, 'New', 217377, 5, 14, 'LP001210');
INSERT INTO Home_Details VALUES (1114, '9520 George Summit Suite 971 Guerreroburgh, AZ 66844', 46.0, 'New', 169897, 4, 3, 'LP001015');
INSERT INTO Home_Details VALUES (1115, '061 Brown Mountains Apt. 800 South Christinechester, CO 90689', 55.0, 'Old', 109943, 11, 18, 'LP001242');
INSERT INTO Home_Details VALUES (1116, '3922 Karen Mountain Katherineport, DC 40003', 55.0, 'New', 292367, 3, 7, 'LP001108');
INSERT INTO Home_Details VALUES (1117, '0135 Foster Prairie Suite 021 Brittanyside, AK 29112', 60.0, 'New', 369417, 4, 39, 'LP001055');
INSERT INTO Home_Details VALUES (1118, '32563 Lacey Shoal Jamesfort, NE 24868', 62.0, 'Old', 101699, 13, 16, 'LP001163');
INSERT INTO Home_Details VALUES (1119, '4809 Spears Walks Cunninghamchester, TX 74179', 64.0, 'New', 389887, 2, 42, 'LP001153');
INSERT INTO Home_Details VALUES (1120, '83168 Arnold Forge Youngberg, IA 97019', 65.0, 'New', 75642, 8, 47, 'LP001031');
INSERT INTO Home_Details VALUES (1121, 'USNV Caldwell FPO AE 27939', 65.0, 'Old', 212392, 14, 22, 'LP001231');
INSERT INTO Home_Details VALUES (1122, '45598 Christopher Passage East Joannaland, FM 39512', 65.0, 'New', 390273, 5, 6, 'LP001312');
INSERT INTO Home_Details VALUES (1123, '94552 Brandon Field Orrhaven, NC 19954', 65.0, 'Old', 438419, 14, 39, 'LP001176');
INSERT INTO Home_Details VALUES (1124, '23332 Amber Terrace Shelbyside, MA 85270', 65.0, 'Old', 162020, 15, 7, 'LP001094');
INSERT INTO Home_Details VALUES (1125, '01564 Jeremy Road Vaughnside, FM 93776', 65.0, 'Old', 495857, 14, 38, 'LP001242');
INSERT INTO Home_Details VALUES (1126, '630 Donna Corner Suite 932 Lake Robert, AK 77440', 65.0, 'Old', 133986, 12, 35, 'LP001108');
INSERT INTO Home_Details VALUES (1127, '284 Burch Manor Kevinbury, UT 57161', 67.0, 'New', 107756, 2, 31, 'LP001096');
INSERT INTO Home_Details VALUES (1128, '8691 Zamora Locks Apt. 105 South Caleb, DC 82635', 68.0, 'Old', 263533, 13, 41, 'LP001099');
INSERT INTO Home_Details VALUES (1129, '18786 Brown Well Suite 770 Williamsborough, NY 19633', 70.0, 'Old', 164160, 14, 47, 'LP001268');
INSERT INTO Home_Details VALUES (1130, '127 Victor Causeway Apt. 899 Davidville, CT 18729', 70.0, 'New', 317891, 1, 14, 'LP001220');
INSERT INTO Home_Details VALUES (1131, '807 David Brook Apt. 212 West Alyssa, PW 40731', 70.0, 'Old', 410420, 18, 47, 'LP001067');
INSERT INTO Home_Details VALUES (1132, '97225 Jennifer Prairie Apt. 772 Williamside, GU 46081', 70.0, 'Old', 52771, 15, 3, 'LP001298');
INSERT INTO Home_Details VALUES (1133, '73758 William Plains Apt. 756 Port Angela, HI 90946', 70.0, 'Old', 472568, 16, 7, 'LP001067');
INSERT INTO Home_Details VALUES (1134, '55480 Huang Stream Claybury, MT 53758', 70.0, 'Old', 101893, 11, 31, 'LP001270');
INSERT INTO Home_Details VALUES (1135, '295 Pamela Port Apt. 786 Kathrynside, WV 19630', 70.0, 'New', 407567, 10, 36, 'LP001121');
INSERT INTO Home_Details VALUES (1136, '0096 Matthew Springs North Nathanview, MT 41960', 73.0, 'Old', 266015, 12, 7, 'LP001185');
INSERT INTO Home_Details VALUES (1137, '3514 Moody Ways Apt. 592 Ryanland, IN 03828', 75.0, 'Old', 289124, 20, 14, 'LP001232');
INSERT INTO Home_Details VALUES (1138, '3737 Horton Run Davidstad, MI 16684', 75.0, 'Old', 79426, 14, 3, 'LP001022');
INSERT INTO Home_Details VALUES (1139, '300 Sean Crossing West Gregory, IN 74062', 75.0, 'New', 97341, 3, 10, 'LP001312');
INSERT INTO Home_Details VALUES (1140, '7160 Howe Islands West Kevin, VT 58443', 75.0, 'New', 96660, 8, 17, 'LP001054');
INSERT INTO Home_Details VALUES (1141, '6695 Olson Flat Apt. 198 West Connieborough, KY 44936', 75.0, 'Old', 394416, 20, 35, 'LP001187');
INSERT INTO Home_Details VALUES (1142, '198 Baldwin Alley Suite 153 Port Lindseyport, IN 82950', 80.0, 'Old', 79251, 17, 45, 'LP001176');
INSERT INTO Home_Details VALUES (1143, '573 Matthew Valleys Apt. 703 West Brenda, TN 22751', 80.0, 'New', 403847, 7, 30, 'LP001237');
INSERT INTO Home_Details VALUES (1144, '3352 Johnson Track Apt. 498 Staceyfort, AK 76235', 80.0, 'Old', 299328, 18, 20, 'LP001298');
INSERT INTO Home_Details VALUES (1145, '8739 Crawford Villages East Beckyburgh, FM 17594', 80.0, 'Old', 224027, 18, 28, 'LP001105');
INSERT INTO Home_Details VALUES (1146, '36129 Daniels Gateway Suite 721 Medinaton, DC 21537', 80.0, 'Old', 248709, 18, 42, 'LP001153');
INSERT INTO Home_Details VALUES (1147, '696 Barker Spurs East Tannerport, FL 70496', 80.0, 'New', 125109, 5, 16, 'LP001094');
INSERT INTO Home_Details VALUES (1148, '322 Austin Island Suite 372 Millerberg, WY 43411', 80.0, 'Old', 295590, 19, 27, 'LP001270');
INSERT INTO Home_Details VALUES (1149, '5766 Teresa Ports Martinezside, ND 91968', 82.0, 'New', 209576, 2, 23, 'LP001287');
INSERT INTO Home_Details VALUES (1150, '07244 Jennifer Branch Suite 737 Leslieton, AZ 59679', 83.0, 'New', 204241, 2, 34, 'LP001115');
INSERT INTO Home_Details VALUES (1151, '9644 Kenneth Terrace Apt. 157 Kaitlynland, NJ 45793', 84.0, 'Old', 55990, 15, 26, 'LP001054');
INSERT INTO Home_Details VALUES (1152, '11841 Gregory Roads Suite 460 Gillburgh, UT 09524', 85.0, 'New', 56627, 8, 16, 'LP001210');
INSERT INTO Home_Details VALUES (1153, '676 Howell Road Suite 490 East Amberview, MT 76101', 85.0, 'Old', 290656, 12, 14, 'LP001022');
INSERT INTO Home_Details VALUES (1154, '782 Christine Spur Jacobshire, AZ 33859', 86.0, 'New', 149871, 2, 32, 'LP001203');
INSERT INTO Home_Details VALUES (1155, '287 Kramer Burg Millerbury, NE 21755', 90.0, 'Old', 240705, 14, 5, 'LP001059');
INSERT INTO Home_Details VALUES (1156, 'Unit 7296 Box 0767 DPO AP 85217', 90.0, 'New', 214155, 1, 23, 'LP001230');
INSERT INTO Home_Details VALUES (1157, '06065 Vincent Pines Johnburgh, WA 11007', 90.0, 'New', 240480, 3, 20, 'LP001270');
INSERT INTO Home_Details VALUES (1158, '885 Brock Trail Williamston, UT 62571', 90.0, 'New', 323596, 2, 28, 'LP001208');
INSERT INTO Home_Details VALUES (1159,'Unit 3885 Box 7739 DPO AP 55204',90.0,'New',84344,3,16,'LP001284');
INSERT INTO Home_Details VALUES (1160,'USS Perez FPO AE 25873',95.0,'New',191756,2,49,'LP001031');

INSERT INTO Transactions VALUES (098725,'2017-03-10','Pending',49668,719439,27);
INSERT INTO Transactions VALUES (603071,'2017-03-21','Pending',18303,345273,28);
INSERT INTO Transactions VALUES (136633,'2017-07-11','Failed',16434,249650,21);
INSERT INTO Transactions VALUES (152754,'2017-04-29','Failed',46570,871428,2);
INSERT INTO Transactions VALUES (616393,'2017-05-16','Failed',44055,555849,14);
INSERT INTO Transactions VALUES (926484,'2017-05-08','Completed',15151,640537,6);
INSERT INTO Transactions VALUES (205872,'2017-10-01','Failed',2756,915790,30);
INSERT INTO Transactions VALUES (586079,'2017-07-28','Failed',24303,867938,15);
INSERT INTO Transactions VALUES (028129,'2017-01-31','Failed',29118,555849,2);
INSERT INTO Transactions VALUES (793896,'2017-09-05','Failed',6691,621200,20);
INSERT INTO Transactions VALUES (830021,'2017-01-20','Completed',17164,293654,14);
INSERT INTO Transactions VALUES (726836,'2017-08-30','Pending',26063,358893,24);
INSERT INTO Transactions VALUES (775668,'2017-10-01','Failed',33701,365390,50);
INSERT INTO Transactions VALUES (254957,'2017-08-19','Pending',14749,867938,18);
INSERT INTO Transactions VALUES (189198,'2017-08-19','Completed',24353,389080,9);
INSERT INTO Transactions VALUES (454793,'2017-06-09','Pending',1660,77471,34);
INSERT INTO Transactions VALUES (271127,'2017-09-01','Failed',12003,733572,36);
INSERT INTO Transactions VALUES (309030,'2017-10-21','Pending',16926,555849,43);
INSERT INTO Transactions VALUES (409634,'2017-09-05','Pending',23282,847339,21);
INSERT INTO Transactions VALUES (557235,'2017-02-08','Completed',30481,365390,4);
INSERT INTO Transactions VALUES (451003,'2017-11-10','Failed',37036,974101,31);
INSERT INTO Transactions VALUES (132434,'2017-04-01','Pending',1420,58082,41);
INSERT INTO Transactions VALUES (797901,'2017-11-21','Completed',37535,871428,17);
INSERT INTO Transactions VALUES (603560,'2017-12-30','Failed',44263,871428,19);
INSERT INTO Transactions VALUES (651645,'2017-08-17','Failed',45991,871428,33);
INSERT INTO Transactions VALUES (306533,'2017-06-01','Completed',40435,176254,41);
INSERT INTO Transactions VALUES (614899,'2017-09-05','Completed',35387,492977,26);
INSERT INTO Transactions VALUES (388314,'2017-01-20','Completed',46863,74341,29);
INSERT INTO Transactions VALUES (269945,'2017-10-17','Pending',6350,352841,27);
INSERT INTO Transactions VALUES (466018,'2017-04-13','Pending',26411,871428,50);
INSERT INTO Transactions VALUES (666273,'2017-04-07','Completed',19758,974101,11);
INSERT INTO Transactions VALUES (546336,'2017-10-02','Pending',2896,352841,32);
INSERT INTO Transactions VALUES (651163,'2017-05-23','Completed',9155,915790,7);
INSERT INTO Transactions VALUES (775830,'2017-03-10','Failed',6818,621200,3);
INSERT INTO Transactions VALUES (321230,'2017-08-30','Failed',31943,415216,6);
INSERT INTO Transactions VALUES (570276,'2017-05-19','Failed',45002,249650,40);
INSERT INTO Transactions VALUES (468560,'2017-03-05','Failed',23737,640537,20);
INSERT INTO Transactions VALUES (273256,'2017-08-30','Completed',15958,77471,16);
INSERT INTO Transactions VALUES (395515,'2017-05-19','Pending',48261,389080,33);
INSERT INTO Transactions VALUES (613772,'2017-05-16','Failed',42766,621200,23);
INSERT INTO Transactions VALUES (943192,'2017-04-07','Pending',43681,293654,9);
INSERT INTO Transactions VALUES (056476,'2017-04-17','Pending',15107,293654,29);
INSERT INTO Transactions VALUES (865643,'2017-06-03','Pending',8480,979749,11);
INSERT INTO Transactions VALUES (221016,'2017-06-09','Failed',26937,532909,6);
INSERT INTO Transactions VALUES (781085,'2017-10-17','Completed',37479,554593,3);
INSERT INTO Transactions VALUES (299534,'2017-07-10','Completed',21790,345273,26);
INSERT INTO Transactions VALUES (674674,'2017-12-29','Pending',5244,538409,45);
INSERT INTO Transactions VALUES (661066,'2017-03-10','Failed',18612,872585,22);
INSERT INTO Transactions VALUES (082963,'2017-11-01','Failed',6382,719439,12);
INSERT INTO Transactions VALUES (729563,'2017-12-05','Failed',1872,872585,42);

INSERT INTO Claim VALUES (8270,4943,'2022-01-01',32);
INSERT INTO Claim VALUES (1860,24939,'2022-01-15',2);
INSERT INTO Claim VALUES (6390,20457,'2022-01-30',14);
INSERT INTO Claim VALUES (6191,2021,'2022-02-14',12);
INSERT INTO Claim VALUES (6734,12653,'2022-03-01',37);
INSERT INTO Claim VALUES (7265,44573,'2022-03-16',34);
INSERT INTO Claim VALUES (1466,14417,'2022-03-31',45);
INSERT INTO Claim VALUES (5426,41757,'2022-04-15',5);
INSERT INTO Claim VALUES (6578,10692,'2022-04-30',22);
INSERT INTO Claim VALUES (9322,46758,'2022-05-14',2);
INSERT INTO Claim VALUES (2685,7873,'2022-05-29',11);
INSERT INTO Claim VALUES (1769,6675,'2022-06-13',26);
INSERT INTO Claim VALUES (7949,1161,'2022-06-28',2);
INSERT INTO Claim VALUES (3433,38065,'2022-07-13',10);
INSERT INTO Claim VALUES (6311,27557,'2022-07-28',33);
INSERT INTO Claim VALUES (6051,34763,'2022-08-12',28);
INSERT INTO Claim VALUES (7420,33606,'2022-08-27',12);
INSERT INTO Claim VALUES (2184,12534,'2022-09-10',30);
INSERT INTO Claim VALUES (5555,30127,'2022-09-25',41);
INSERT INTO Claim VALUES (4385,41397,'2022-10-10',1);
INSERT INTO Claim VALUES (7396,26851,'2022-10-25',41);
INSERT INTO Claim VALUES (9666,2016,'2022-11-09',35);
INSERT INTO Claim VALUES (3558,25253,'2022-11-24',18);
INSERT INTO Claim VALUES (8849,25276,'2022-12-09',8);
INSERT INTO Claim VALUES (3047,24247,'2022-12-24',48);
INSERT INTO Claim VALUES (3747,25300,'2023-01-07',17);
INSERT INTO Claim VALUES (1189,9529,'2023-01-22',5);
INSERT INTO Claim VALUES (3734,18262,'2023-02-06',5);
INSERT INTO Claim VALUES (4005,10268,'2023-02-21',43);
INSERT INTO Claim VALUES (5658,22271,'2023-03-08',31);
INSERT INTO Claim VALUES (2899,13185,'2023-03-23',41);
INSERT INTO Claim VALUES (8734,22243,'2023-04-07',37);
INSERT INTO Claim VALUES (2267,40099,'2023-04-22',27);
INSERT INTO Claim VALUES (2528,9571,'2023-05-06',49);
INSERT INTO Claim VALUES (4556,40976,'2023-05-21',19);
INSERT INTO Claim VALUES (4890,39044,'2023-06-05',28);
INSERT INTO Claim VALUES (9838,49984,'2023-06-20',42);
INSERT INTO Claim VALUES (6393,41774,'2023-07-05',31);
INSERT INTO Claim VALUES (9792,3568,'2023-07-20',44);
INSERT INTO Claim VALUES (9433,3027,'2023-08-04',29);
INSERT INTO Claim VALUES (8513,3695,'2023-08-19',36);
INSERT INTO Claim VALUES (3612,49190,'2023-09-02',3);
INSERT INTO Claim VALUES (8041,6258,'2023-09-17',12);
INSERT INTO Claim VALUES (7235,23002,'2023-10-02',15);
INSERT INTO Claim VALUES (6486,40504,'2023-10-17',4);
INSERT INTO Claim VALUES (8099,34159,'2023-11-01',12);
INSERT INTO Claim VALUES (1775,14986,'2023-11-16',6);
INSERT INTO Claim VALUES (9226,13666,'2023-12-01',14);
INSERT INTO Claim VALUES (4152,39660,'2023-12-16',32);
INSERT INTO Claim VALUES (2585,4561,'2023-12-31',19);

INSERT INTO Report VALUES (26,82,1132,6578);
INSERT INTO Report VALUES (8,24,1141,8270);
INSERT INTO Report VALUES (13,89,1148,6578);
INSERT INTO Report VALUES (11,75,1156,8270);
INSERT INTO Report VALUES (10,97,1126,2899);
INSERT INTO Report VALUES (13,58,1140,8513);
INSERT INTO Report VALUES (1,63,1115,9838);
INSERT INTO Report VALUES (30,68,1127,9226);
INSERT INTO Report VALUES (20,42,1153,2585);
INSERT INTO Report VALUES (11,4,1132,6191);
INSERT INTO Report VALUES (15,32,1129,4005);
INSERT INTO Report VALUES (22,90,1125,9838);
INSERT INTO Report VALUES (12,41,1126,6051);
INSERT INTO Report VALUES (20,92,1160,7396);
INSERT INTO Report VALUES (24,42,1113,2267);
INSERT INTO Report VALUES (7,61,1113,6311);
INSERT INTO Report VALUES (29,2,1136,8099);
INSERT INTO Report VALUES (27,28,1141,3558);
INSERT INTO Report VALUES (1,29,1137,9792);
INSERT INTO Report VALUES (18,59,1145,9226);
INSERT INTO Report VALUES (26,76,1118,9792);
INSERT INTO Report VALUES (11,83,1148,4152);
INSERT INTO Report VALUES (28,48,1143,3747);
INSERT INTO Report VALUES (14,92,1150,8734);
INSERT INTO Report VALUES (27,71,1158,4556);
INSERT INTO Report VALUES (22,45,1118,9433);
INSERT INTO Report VALUES (12,64,1157,6390);
INSERT INTO Report VALUES (4,16,1129,8041);
INSERT INTO Report VALUES (5,17,1134,4385);
INSERT INTO Report VALUES (9,76,1127,3558);

END //
DELIMITER ;